unit_id,source,condition,age_days,brand_tier,model_a,model_b,model_c,model_d,utility_a,utility_b
1,Store-Customer,MissingPart,181,Standard,Disposal,Refurbishing,Repair,Repair,0.0,12.943666288046842
2,Internet/Shipping,NotLiked,5,Standard,Resale,Resale,Donation,Resale,61.18578618913899,61.18578618913899
3,Store-Customer,SeamDefect,53,Standard,Disposal,Resale,Recycling,Repair,0.0,1.238660087376088
4,Internet/Shipping,NotLiked,12,Standard,Resale,Resale,Repackaging,Resale,60.748517910301615,60.748517910301615
5,Internet/Shipping,NotLiked,2,Premium,Resale,Resale,Repackaging,Resale,92.81118887406298,92.81118887406298
6,Store-Employee,MissingPart,36,Standard,Donation,Resale,Donation,Repair,13.881205135954652,6.528723081572792
7,Store-Customer,Torn,6,Standard,Recycling,Donation,Repair,Repair,5.937188622566319,10.916251496755091
8,Store-Customer,SeamDefect,3,Standard,Donation,Resale,Recycling,Repair,12.353869230751945,1.5790314685236115
9,Internet/Shipping,NotLiked,6,Standard,Resale,Resale,Refurbishing,Resale,61.12313173539791,61.12313173539791
10,Internet/Shipping,ColorMismatch,12,Standard,Resale,Resale,Resale,Resale,31.58250995016757,31.58250995016757
11,Internet/Shipping,NotLiked,0,Standard,Resale,Resale,Recycling,Resale,61.49999999999999,61.49999999999999
12,Store-Customer,Undamaged,5,Standard,Resale,Resale,DiscountSale,Resale,65.26832986631337,65.26832986631337
13,Internet/Shipping,Stained,4,Standard,Refurbishing,Refurbishing,Donation,Refurbishing,28.860279627039702,28.860279627039702
14,Store-Customer,Undamaged,1,Standard,Resale,Resale,Donation,Resale,65.53353323891943,65.53353323891943
15,Internet/Shipping,NotLiked,3,Standard,Resale,Resale,Donation,Resale,61.311283216712496,61.311283216712496
16,Internet/Shipping,Undamaged,8,Standard,Resale,Resale,Donation,Resale,65.07012233666453,65.07012233666453
17,Internet/Shipping,NotLiked,6,Standard,Resale,Resale,Recycling,Resale,61.12313173539791,61.12313173539791
18,Internet/Shipping,ColorMismatch,0,Standard,Resale,Resale,Resale,Resale,32.0,32.0
19,Store-Customer,Undamaged,13,Standard,Resale,Resale,DiscountSale,Resale,64.74109497884912,64.74109497884912
20,Internet/Shipping,ColorMismatch,2,Premium,Resale,Resale,Repackaging,Resale,49.39510493003499,49.39510493003499
21,Store-Customer,Torn,10,Standard,Recycling,Donation,Recycling,Repair,5.895523254366264,10.860697672488353
22,Internet/Shipping,NotLiked,3,Standard,Resale,Resale,Repackaging,Resale,61.311283216712496,61.311283216712496
23,Store-Employee,NotLiked,0,Standard,Resale,Resale,Refurbishing,Resale,61.49999999999999,61.49999999999999
24,Store-Customer,NotLiked,7,Standard,Resale,Resale,DiscountSale,Resale,61.060539904793806,61.060539904793806
25,Store-Customer,MissingPart,4,Standard,Repair,Repair,Donation,Repair,25.860279627039702,25.860279627039702
26,Internet/Shipping,MissingPart,6,Standard,Repair,Resale,Recycling,Repair,25.79062874188773,6.83718862256632
27,Internet/Shipping,NotLiked,132,Standard,Resale,Resale,Repackaging,Resale,53.70948269000051,53.70948269000051
28,Internet/Shipping,NotLiked,4,Premium,Resale,Resale,Donation,Resale,92.62275499300719,92.62275499300719
29,Internet/Shipping,ColorMismatch,9,Standard,Resale,Resale,Recycling,Resale,31.686413257050923,31.686413257050923
30,Internet/Shipping,Torn,14,Standard,Recycling,Resale,Refurbishing,Repair,5.854024214760049,-2.548658595079984
31,Internet/Shipping,NotLiked,0,Standard,Resale,Resale,Repackaging,Resale,61.49999999999999,61.49999999999999
32,Store-Employee,Stained,12,Standard,Refurbishing,Resale,Refurbishing,Refurbishing,28.58250995016757,1.0332015920268107
33,Internet/Shipping,NotLiked,6,Standard,Resale,Resale,Resale,Resale,61.12313173539791,61.12313173539791
34,Internet/Shipping,SeamDefect,7,Standard,Donation,Resale,Recycling,Repair,12.29257642117182,1.5511711005326463
35,Internet/Shipping,Undamaged,2,Standard,Resale,Resale,DiscountSale,Resale,65.46713291137763,65.46713291137763
36,Internet/Shipping,MissingPart,22,Premium,Repair,Repair,Repair,Repair,42.35761234018853,42.35761234018853
37,Internet/Shipping,NotLiked,63,Standard,Resale,Resale,DiscountSale,Resale,57.65343884241538,57.65343884241538
38,Internet/Shipping,ColorMismatch,0,Standard,Resale,Resale,Donation,Resale,32.0,32.0
39,Internet/Shipping,NotLiked,11,Standard,Resale,Resale,Refurbishing,Resale,60.81079756284822,60.81079756284822
40,Internet/Shipping,Stained,23,Standard,Refurbishing,Resale,Recycling,Refurbishing,28.204186932064694,0.9726699091303512
41,Internet/Shipping,NotLiked,3,Standard,Resale,Resale,Resale,Resale,61.311283216712496,61.311283216712496
42,Store-Customer,Stained,24,Standard,Refurbishing,Refurbishing,Donation,Refurbishing,28.169999841526824,28.169999841526824
43,Internet/Shipping,Undamaged,10,Standard,Resale,Resale,Donation,Resale,64.93831394431967,64.93831394431967
44,Internet/Shipping,NotLiked,84,Standard,Resale,Resale,Repackaging,Resale,56.42416913399285,56.42416913399285
45,Store-Customer,Undamaged,102,Standard,Resale,Resale,Resale,Resale,59.1514651859803,59.1514651859803
46,Store-Customer,Undamaged,0,Standard,Resale,Resale,DiscountSale,Resale,65.6,65.6
47,Internet/Shipping,ColorMismatch,6,Standard,Resale,Resale,Repackaging,Resale,31.79062874188773,31.79062874188773
48,Internet/Shipping,Undamaged,9,Standard,Resale,Resale,DiscountSale,Resale,65.00418518839676,65.00418518839676
49,Internet/Shipping,NotLiked,3,Standard,Resale,Resale,Donation,Resale,61.311283216712496,61.311283216712496
50,Internet/Shipping,SeamDefect,3,Premium,Repair,Resale,Donation,Repair,36.608462412534365,5.068547202785417
51,Internet/Shipping,NotLiked,55,Premium,Resale,Resale,Donation,Resale,87.94284648160422,87.94284648160422
52,Internet/Shipping,ColorMismatch,0,Standard,Resale,Resale,Refurbishing,Resale,32.0,32.0
53,Store-Customer,NotLiked,1,Standard,Resale,Resale,Repackaging,Resale,61.43703148950262,61.43703148950262
54,Internet/Shipping,NotLiked,198,Standard,Resale,Resale,Repackaging,Resale,50.183300747683354,50.183300747683354
55,Internet/Shipping,NotLiked,1,Standard,Resale,Resale,Repackaging,Resale,61.43703148950262,61.43703148950262
56,Store-Customer,MissingPart,5,Standard,Repair,Resale,Repair,Repair,25.82543677174388,6.847631031523164
57,Internet/Shipping,NotLiked,70,Standard,Resale,Resale,Recycling,Resale,57.240810654074735,57.240810654074735
58,Internet/Shipping,NotLiked,4,Premium,Resale,Resale,Resale,Resale,92.62275499300719,92.62275499300719
59,Internet/Shipping,NotLiked,6,Standard,Resale,Resale,Donation,Resale,61.12313173539791,61.12313173539791
60,Internet/Shipping,ColorMismatch,0,Standard,Resale,Resale,Donation,Resale,32.0,32.0
61,Internet/Shipping,ColorMismatch,34,Standard,Resale,Resale,DiscountSale,Resale,30.83000266231273,30.83000266231273
62,Internet/Shipping,ColorMismatch,3,Premium,Resale,Resale,Donation,Resale,49.34273601392708,49.34273601392708
63,Internet/Shipping,NotLiked,9,Premium,Resale,Resale,Repackaging,Resale,92.1533157940375,92.1533157940375
64,Store-Customer,MissingPart,0,Standard,Repair,Resale,Donation,Repair,26.0,6.9
65,Internet/Shipping,NotLiked,3,Premium,Resale,Resale,Repackaging,Resale,92.71692482506873,92.71692482506873
66,Internet/Shipping,NotLiked,394,Standard,Resale,Resale,Refurbishing,Resale,40.98430554314798,40.98430554314798
67,Internet/Shipping,Undamaged,9,Standard,Resale,Resale,DiscountSale,Resale,65.00418518839676,65.00418518839676
68,Internet/Shipping,Torn,134,Standard,Disposal,Resale,Refurbishing,Repair,0.0,-2.9389347738883314
69,Internet/Shipping,NotLiked,6,Standard,Resale,Resale,Resale,Resale,61.12313173539791,61.12313173539791
70,Internet/Shipping,ColorMismatch,12,Standard,Resale,Resale,Repackaging,Resale,31.58250995016757,31.58250995016757
71,Internet/Shipping,NotLiked,29,Standard,Resale,Resale,Donation,Resale,59.6992372613961,59.6992372613961
72,Internet/Shipping,NotLiked,3,Standard,Resale,Resale,Refurbishing,Resale,61.311283216712496,61.311283216712496
73,Store-Customer,MissingPart,2,Standard,Repair,Resale,Refurbishing,Repair,25.930069953356657,6.8790209860069975
74,Internet/Shipping,NotLiked,116,Premium,Resale,Resale,Resale,Resale,82.64990860161116,82.64990860161116
75,Internet/Shipping,NotLiked,7,Standard,Resale,Resale,Donation,Resale,61.060539904793806,61.060539904793806
76,Internet/Shipping,ColorMismatch,10,Standard,Resale,Resale,Repackaging,Resale,31.651744181220877,31.651744181220877
77,Internet/Shipping,Stained,252,Standard,Disposal,Resale,Refurbishing,Refurbishing,0.0,-0.147429466813902
78,Internet/Shipping,NotLiked,5,Standard,Resale,Resale,Refurbishing,Resale,61.18578618913899,61.18578618913899
79,Internet/Shipping,NotLiked,6,Standard,Resale,Resale,Recycling,Resale,61.12313173539791,61.12313173539791
80,Store-Customer,Undamaged,0,Standard,Resale,Resale,Donation,Resale,65.6,65.6
81,Internet/Shipping,ColorMismatch,4,Standard,Resale,Resale,DiscountSale,Resale,31.860279627039702,31.860279627039702
82,Internet/Shipping,MissingPart,4,Standard,Repair,Resale,Refurbishing,Repair,25.860279627039702,6.85808388811191
83,Store-Customer,NotLiked,10,Standard,Resale,Resale,Resale,Resale,60.87313952619759,60.87313952619759
84,Internet/Shipping,ColorMismatch,6,Standard,Resale,Resale,Donation,Resale,31.79062874188773,31.79062874188773
85,Internet/Shipping,NotLiked,9,Standard,Resale,Resale,Recycling,Resale,60.93554386269166,60.93554386269166
86,Internet/Shipping,ColorMismatch,7,Premium,Resale,Resale,Donation,Resale,49.133783253994835,49.133783253994835
87,Internet/Shipping,NotLiked,2,Premium,Resale,Resale,Resale,Resale,92.81118887406298,92.81118887406298
88,Internet/Shipping,MissingPart,4,Standard,Repair,Repair,Refurbishing,Repair,25.860279627039702,25.860279627039702
89,Internet/Shipping,NotLiked,17,Standard,Resale,Resale,Donation,Resale,60.43805213199931,60.43805213199931
90,Internet/Shipping,ColorMismatch,5,Standard,Resale,Resale,Donation,Resale,31.82543677174388,31.82543677174388
91,Internet/Shipping,NotLiked,5,Standard,Resale,Resale,Repackaging,Resale,61.18578618913899,61.18578618913899
92,Internet/Shipping,NotLiked,53,Premium,Resale,Resale,Donation,Resale,88.12191117957718,88.12191117957718
93,Internet/Shipping,SeamDefect,14,Standard,Disposal,Refurbishing,Donation,Repair,0.0,12.308048429520097
94,Internet/Shipping,ColorMismatch,2,Standard,Resale,Resale,Repackaging,Resale,31.930069953356657,31.930069953356657
95,Internet/Shipping,NotLiked,37,Standard,Resale,Resale,DiscountSale,Resale,59.21159652699037,59.21159652699037
96,Internet/Shipping,Stained,7,Standard,Refurbishing,Refurbishing,Refurbishing,Refurbishing,28.755855502663223,28.755855502663223
97,Internet/Shipping,Torn,0,Standard,Recycling,Resale,Repair,Repair,6.0,-2.5
98,Internet/Shipping,NotLiked,6,Premium,Resale,Resale,Donation,Resale,92.43469760309688,92.43469760309688
99,Internet/Shipping,NotLiked,5,Standard,Resale,Resale,Recycling,Resale,61.18578618913899,61.18578618913899
100,Store-Employee,MissingPart,1,Premium,Repair,Repair,Repair,Repair,43.44752624125218,43.44752624125218
101,Store-Customer,NotLiked,20,Premium,Resale,Resale,Donation,Resale,91.12877462748837,91.12877462748837
102,Internet/Shipping,NotLiked,5,Standard,Resale,Resale,Refurbishing,Resale,61.18578618913899,61.18578618913899
103,Internet/Shipping,ColorMismatch,88,Standard,Resale,Resale,Donation,Resale,29.051630685316397,29.051630685316397
104,Store-Employee,MissingPart,112,Standard,Donation,Refurbishing,Repair,Repair,12.64577450625625,14.404084308758751
105,Store-Customer,NotLiked,12,Standard,Resale,Resale,Donation,Resale,60.748517910301615,60.748517910301615
106,Internet/Shipping,NotLiked,16,Standard,Resale,Resale,Donation,Resale,60.50002116348296,60.50002116348296
107,Internet/Shipping,NotLiked,16,Standard,Resale,Resale,Donation,Resale,60.50002116348296,60.50002116348296
108,Internet/Shipping,Stained,50,Standard,Refurbishing,Resale,Recycling,Refurbishing,27.293029857524992,0.8268847772039978
109,Internet/Shipping,Stained,4,Standard,Refurbishing,Refurbishing,Recycling,Refurbishing,28.860279627039702,28.860279627039702
110,Store-Customer,NotLiked,2,Standard,Resale,Resale,Donation,Resale,61.37412591604198,61.37412591604198
111,Internet/Shipping,Torn,9,Standard,Recycling,Resale,Refurbishing,Repair,5.905923977115277,-2.531358674294908
112,Internet/Shipping,MissingPart,12,Premium,Repair,Repair,Donation,Repair,42.87376492525135,42.87376492525135
113,Internet/Shipping,Undamaged,6,Premium,Resale,Resale,Recycling,Resale,98.25329191438003,98.25329191438003
114,Internet/Shipping,Undamaged,11,Standard,Resale,Resale,Recycling,Resale,64.872508538562,64.872508538562
115,Internet/Shipping,Undamaged,0,Standard,Resale,Resale,Recycling,Resale,65.6,65.6
116,Store-Customer,NotLiked,53,Premium,Resale,Resale,Recycling,Resale,88.12191117957718,88.12191117957718
117,Store-Customer,MissingPart,2,Standard,Repair,Repair,Repair,Repair,25.930069953356657,25.930069953356657
118,Internet/Shipping,NotLiked,0,Standard,Resale,Resale,Resale,Resale,61.49999999999999,61.49999999999999
119,Internet/Shipping,NotLiked,7,Standard,Resale,Resale,Refurbishing,Resale,61.060539904793806,61.060539904793806
120,Internet/Shipping,NotLiked,3,Standard,Resale,Resale,Resale,Resale,61.311283216712496,61.311283216712496
121,Internet/Shipping,ColorMismatch,3,Standard,Resale,Resale,Repackaging,Resale,31.89515734261805,31.89515734261805
122,Internet/Shipping,NotLiked,0,Standard,Resale,Resale,Donation,Resale,61.49999999999999,61.49999999999999
123,Internet/Shipping,NotLiked,1,Standard,Resale,Resale,Recycling,Resale,61.43703148950262,61.43703148950262
124,Internet/Shipping,ColorMismatch,4,Premium,Resale,Resale,Repackaging,Resale,49.290419440559546,49.290419440559546
125,Internet/Shipping,NotLiked,7,Standard,Resale,Resale,DiscountSale,Resale,61.060539904793806,61.060539904793806
126,Internet/Shipping,NotLiked,3,Standard,Resale,Resale,Recycling,Resale,61.311283216712496,61.311283216712496
127,Internet/Shipping,Undamaged,5,Standard,Resale,Resale,Resale,Resale,65.26832986631337,65.26832986631337
128,Internet/Shipping,Torn,2,Standard,Recycling,Donation,Donation,Repair,5.979020986006997,10.972027981342661
129,Internet/Shipping,NotLiked,0,Standard,Resale,Resale,Recycling,Resale,61.49999999999999,61.49999999999999
130,Internet/Shipping,NotLiked,0,Standard,Resale,Resale,Recycling,Resale,61.49999999999999,61.49999999999999
131,Internet/Shipping,NotLiked,2,Standard,Resale,Resale,Recycling,Resale,61.37412591604198,61.37412591604198
132,Store-Customer,NotLiked,20,Standard,Resale,Resale,Recycling,Resale,60.25251641832558,60.25251641832558
133,Internet/Shipping,Undamaged,80,Standard,Resale,Resale,Resale,Resale,60.48723703471128,60.48723703471128
134,Internet/Shipping,Torn,30,Standard,Disposal,Donation,Recycling,Repair,0.0,10.586237469679112
135,Internet/Shipping,NotLiked,11,Standard,Resale,Resale,Donation,Resale,60.81079756284822,60.81079756284822
136,Internet/Shipping,Undamaged,14,Premium,Resale,Resale,Repackaging,Resale,97.46323004022045,97.46323004022045
137,Store-Employee,MissingPart,1,Standard,Repair,Resale,Recycling,Repair,25.965017494168123,6.889505248250437
138,Internet/Shipping,NotLiked,27,Premium,Resale,Resale,Resale,Resale,90.48263732404983,90.48263732404983
139,Store-Customer,NotLiked,25,Standard,Resale,Resale,Repackaging,Resale,59.94452445778495,59.94452445778495
140,Internet/Shipping,NotLiked,204,Standard,Resale,Resale,Repackaging,Resale,49.87412938479943,49.87412938479943
141,Internet/Shipping,MissingPart,234,Premium,Repair,Repair,Donation,Repair,32.546495334518156,32.546495334518156
142,Internet/Shipping,NotLiked,6,Premium,Resale,Resale,Refurbishing,Resale,92.43469760309688,92.43469760309688
143,Store-Customer,Stained,26,Standard,Refurbishing,Refurbishing,Refurbishing,Refurbishing,28.10172813630622,28.10172813630622
144,Internet/Shipping,NotLiked,110,Standard,Resale,Resale,Repackaging,Resale,54.937550523681274,54.937550523681274
145,Internet/Shipping,NotLiked,3,Standard,Resale,Resale,DiscountSale,Resale,61.311283216712496,61.311283216712496
146,Internet/Shipping,ColorMismatch,110,Standard,Resale,Resale,DiscountSale,Resale,28.354194735378485,28.354194735378485
147,Internet/Shipping,Stained,0,Premium,Refurbishing,Refurbishing,Refurbishing,Refurbishing,46.5,46.5
148,Internet/Shipping,MissingPart,55,Standard,Donation,Repair,Repair,Repair,13.563490089185965,24.12698017837193
149,Internet/Shipping,NotLiked,23,Premium,Resale,Resale,Donation,Resale,90.85130471657467,90.85130471657467
150,Internet/Shipping,NotLiked,0,Standard,Resale,Resale,Resale,Resale,61.49999999999999,61.49999999999999
151,Store-Customer,Torn,9,Standard,Recycling,Donation,Donation,Repair,5.905923977115277,10.874565302820368
152,Store-Customer,SeamDefect,0,Standard,Donation,Repair,Refurbishing,Repair,12.399999999999999,20.999999999999996
153,Internet/Shipping,Undamaged,23,Standard,Resale,Resale,DiscountSale,Resale,64.08795517092292,64.08795517092292
154,Internet/Shipping,NotLiked,22,Premium,Resale,Resale,Refurbishing,Resale,90.94370221233935,90.94370221233935
155,Internet/Shipping,SeamDefect,9,Premium,Repair,Repair,Refurbishing,Repair,36.32665789701875,36.32665789701875
156,Internet/Shipping,ColorMismatch,160,Standard,Resale,Resale,Recycling,Resale,26.825032613817392,26.825032613817392
157,Internet/Shipping,NotLiked,0,Standard,Resale,Resale,Resale,Resale,61.49999999999999,61.49999999999999
158,Internet/Shipping,Torn,5,Standard,Recycling,Donation,Recycling,Repair,5.947631031523164,10.930174708697551
159,Internet/Shipping,NotLiked,6,Standard,Resale,Resale,Recycling,Resale,61.12313173539791,61.12313173539791
160,Store-Customer,Torn,0,Standard,Recycling,Donation,Donation,Repair,6.0,11.0
161,Internet/Shipping,NotLiked,6,Premium,Resale,Resale,DiscountSale,Resale,92.43469760309688,92.43469760309688
162,Store-Customer,MissingPart,4,Premium,Repair,Repair,Recycling,Repair,43.290419440559546,43.290419440559546
163,Internet/Shipping,ColorMismatch,3,Standard,Resale,Resale,Repackaging,Resale,31.89515734261805,31.89515734261805
164,Internet/Shipping,NotLiked,7,Standard,Resale,Resale,Repackaging,Resale,61.060539904793806,61.060539904793806
165,Internet/Shipping,ColorMismatch,81,Standard,Resale,Resale,Repackaging,Resale,29.27677920056128,29.27677920056128
166,Internet/Shipping,ColorMismatch,2,Standard,Resale,Resale,Donation,Resale,31.930069953356657,31.930069953356657
167,Store-Customer,Torn,97,Standard,Disposal,Donation,Refurbishing,Repair,0.0,9.705784085865817
168,Store-Customer,Undamaged,6,Standard,Resale,Resale,Resale,Resale,65.20219460958668,65.20219460958668
169,Internet/Shipping,MissingPart,7,Standard,Repair,Resale,Refurbishing,Repair,25.755855502663223,6.826756650798968
170,Store-Employee,SeamDefect,10,Standard,Donation,Repair,Repair,Repair,12.246767439737189,20.686569763098795
171,Internet/Shipping,MissingPart,7,Standard,Repair,Repair,Repair,Repair,25.755855502663223,25.755855502663223
172,Internet/Shipping,NotLiked,2,Standard,Resale,Resale,Resale,Resale,61.37412591604198,61.37412591604198
173,Internet/Shipping,NotLiked,14,Standard,Resale,Resale,Donation,Resale,60.6241452885603,60.6241452885603
174,Store-Customer,SeamDefect,2,Standard,Donation,Repair,Recycling,Repair,12.36923077947693,20.93706295802099
175,Internet/Shipping,Undamaged,6,Standard,Resale,Resale,Donation,Resale,65.20219460958668,65.20219460958668
176,Internet/Shipping,MissingPart,10,Standard,Donation,Repair,Refurbishing,Repair,14.325872090610439,25.651744181220877
177,Internet/Shipping,NotLiked,7,Standard,Resale,Resale,Donation,Resale,61.060539904793806,61.060539904793806
178,Store-Employee,ColorMismatch,83,Standard,Resale,Resale,Resale,Resale,29.212290152704362,29.212290152704362
179,Store-Customer,Undamaged,7,Standard,Resale,Resale,DiscountSale,Resale,65.13612545506012,65.13612545506012
180,Internet/Shipping,NotLiked,36,Standard,Resale,Resale,Recycling,Resale,59.27233848943675,59.27233848943675
181,Store-Customer,Undamaged,22,Standard,Resale,Resale,DiscountSale,Resale,64.15297563090546,64.15297563090546
182,Store-Customer,Undamaged,71,Standard,Resale,Resale,Resale,Resale,61.04221582648487,61.04221582648487
183,Internet/Shipping,NotLiked,54,Standard,Resale,Resale,Repackaging,Resale,58.188222709613285,58.188222709613285
184,Internet/Shipping,NotLiked,2,Standard,Resale,Resale,Donation,Resale,61.37412591604198,61.37412591604198
185,Store-Customer,NotLiked,9,Standard,Resale,Resale,Repackaging,Resale,60.93554386269166,60.93554386269166
186,Internet/Shipping,ColorMismatch,7,Standard,Resale,Resale,Repackaging,Resale,31.755855502663223,31.755855502663223
187,Internet/Shipping,NotLiked,47,Standard,Resale,Resale,Resale,Resale,58.60750604819337,58.60750604819337
188,Internet/Shipping,Undamaged,14,Standard,Resale,Resale,Repackaging,Resale,64.67548669348031,64.67548669348031
189,Internet/Shipping,Torn,1,Standard,Recycling,Donation,Repair,Repair,5.9895052482504365,10.98600699766725
190,Internet/Shipping,Torn,152,Standard,Disposal,Donation,Refurbishing,Repair,0.0,9.025835930375727
191,Store-Customer,SeamDefect,7,Premium,Repair,Repair,Recycling,Repair,36.42040492859535,36.42040492859535
192,Internet/Shipping,NotLiked,10,Standard,Resale,Resale,Recycling,Resale,60.87313952619759,60.87313952619759
193,Internet/Shipping,NotLiked,19,Standard,Resale,Resale,Recycling,Resale,60.31429982129678,60.31429982129678
194,Store-Customer,ColorMismatch,0,Standard,Resale,Resale,Repackaging,Resale,32.0,32.0
195,Internet/Shipping,Undamaged,8,Standard,Resale,Resale,DiscountSale,Resale,65.07012233666453,65.07012233666453
196,Internet/Shipping,Undamaged,63,Standard,Resale,Resale,Resale,Resale,61.53974100032735,61.53974100032735
197,Internet/Shipping,NotLiked,0,Standard,Resale,Resale,Repackaging,Resale,61.49999999999999,61.49999999999999
198,Store-Customer,NotLiked,12,Premium,Resale,Resale,Resale,Resale,91.87277686545242,91.87277686545242
199,Internet/Shipping,SeamDefect,5,Standard,Donation,Resale,Refurbishing,Repair,12.323192179567307,1.5650873543487762
200,Internet/Shipping,NotLiked,12,Standard,Resale,Resale,DiscountSale,Resale,60.748517910301615,60.748517910301615
201,Store-Customer,NotLiked,4,Premium,Resale,Resale,Repackaging,Resale,92.62275499300719,92.62275499300719
202,Store-Employee,Stained,269,Standard,Disposal,Refurbishing,Donation,Refurbishing,0.0,20.74501394768696
203,Internet/Shipping,SeamDefect,60,Standard,Disposal,Donation,Refurbishing,Repair,0.0,11.50317381719743
204,Internet/Shipping,NotLiked,2,Standard,Resale,Resale,Donation,Resale,61.37412591604198,61.37412591604198
205,Internet/Shipping,NotLiked,5,Standard,Resale,Resale,Repackaging,Resale,61.18578618913899,61.18578618913899
206,Internet/Shipping,NotLiked,9,Standard,Resale,Resale,Refurbishing,Resale,60.93554386269166,60.93554386269166
207,Internet/Shipping,NotLiked,17,Premium,Resale,Resale,Donation,Resale,91.40707819799897,91.40707819799897
208,Internet/Shipping,NotLiked,5,Standard,Resale,Resale,DiscountSale,Resale,61.18578618913899,61.18578618913899
209,Internet/Shipping,NotLiked,5,Standard,Resale,Resale,Refurbishing,Resale,61.18578618913899,61.18578618913899
210,Internet/Shipping,NotLiked,5,Standard,Resale,Resale,Donation,Resale,61.18578618913899,61.18578618913899
211,Internet/Shipping,Undamaged,80,Standard,Resale,Resale,Repackaging,Resale,60.48723703471128,60.48723703471128
212,Internet/Shipping,NotLiked,4,Standard,Resale,Resale,Donation,Resale,61.24850332867146,61.24850332867146
213,Internet/Shipping,ColorMismatch,44,Standard,Resale,Resale,Donation,Resale,30.49338851155663,30.49338851155663
214,Store-Customer,Stained,5,Standard,Refurbishing,Resale,Recycling,Refurbishing,28.82543677174388,1.0720698834790205
215,Internet/Shipping,Torn,125,Standard,Disposal,Donation,Recycling,Repair,0.0,9.354956636184335
216,Internet/Shipping,NotLiked,0,Premium,Resale,Resale,Refurbishing,Resale,93.0,93.0
217,Internet/Shipping,NotLiked,6,Standard,Resale,Resale,Resale,Resale,61.12313173539791,61.12313173539791
218,Internet/Shipping,Torn,56,Standard,Disposal,Donation,Repair,Repair,0.0,10.237547902465547
219,Store-Customer,Undamaged,44,Premium,Resale,Resale,Recycling,Resale,94.55615725793639,94.55615725793639
220,Internet/Shipping,Torn,2,Standard,Recycling,Donation,Donation,Repair,5.979020986006997,10.972027981342661
221,Internet/Shipping,NotLiked,7,Premium,Resale,Resale,Resale,Resale,92.3408098571907,92.3408098571907
222,Internet/Shipping,Undamaged,3,Standard,Resale,Resale,Recycling,Resale,65.40079895097429,65.40079895097429
223,Internet/Shipping,NotLiked,6,Standard,Resale,Resale,Donation,Resale,61.12313173539791,61.12313173539791
224,Store-Employee,SeamDefect,3,Standard,Donation,Repair,Repair,Repair,12.353869230751945,20.905641608356248
225,Internet/Shipping,NotLiked,81,Standard,Resale,Resale,Donation,Resale,56.598202561010304,56.598202561010304
226,Store-Customer,SeamDefect,1,Standard,Donation,Repair,Refurbishing,Repair,12.384607697433974,20.96851574475131
227,Internet/Shipping,Undamaged,16,Standard,Resale,Resale,DiscountSale,Resale,64.54446678367646,64.54446678367646
228,Internet/Shipping,NotLiked,0,Standard,Resale,Resale,Recycling,Resale,61.49999999999999,61.49999999999999
229,Internet/Shipping,Undamaged,0,Standard,Resale,Resale,Recycling,Resale,65.6,65.6
230,Internet/Shipping,NotLiked,12,Standard,Resale,Resale,Refurbishing,Resale,60.748517910301615,60.748517910301615
231,Internet/Shipping,Undamaged,2,Standard,Resale,Resale,Recycling,Resale,65.46713291137763,65.46713291137763
232,Internet/Shipping,NotLiked,9,Standard,Resale,Resale,DiscountSale,Resale,60.93554386269166,60.93554386269166
233,Store-Employee,SeamDefect,0,Standard,Donation,Repair,Repair,Repair,12.399999999999999,20.999999999999996
234,Internet/Shipping,NotLiked,40,Premium,Resale,Resale,Donation,Resale,89.29460199989452,89.29460199989452
235,Store-Customer,Stained,18,Standard,Refurbishing,Refurbishing,Recycling,Refurbishing,28.37563613254052,28.37563613254052
236,Store-Customer,NotLiked,130,Standard,Resale,Resale,Donation,Resale,53.820012147995364,53.820012147995364
237,Internet/Shipping,NotLiked,6,Premium,Resale,Resale,Recycling,Resale,92.43469760309688,92.43469760309688
238,Store-Customer,SeamDefect,7,Standard,Donation,Resale,Refurbishing,Repair,12.29257642117182,1.5511711005326463
239,Internet/Shipping,NotLiked,1,Standard,Resale,Resale,Refurbishing,Resale,61.43703148950262,61.43703148950262
240,Internet/Shipping,Undamaged,10,Standard,Resale,Resale,Donation,Resale,64.93831394431967,64.93831394431967
241,Store-Customer,ColorMismatch,2,Standard,Resale,Resale,Resale,Resale,31.930069953356657,31.930069953356657
242,Store-Customer,NotLiked,0,Standard,Resale,Resale,Recycling,Resale,61.49999999999999,61.49999999999999
243,Internet/Shipping,NotLiked,7,Standard,Resale,Resale,Resale,Resale,61.060539904793806,61.060539904793806
244,Internet/Shipping,NotLiked,4,Premium,Resale,Resale,Recycling,Resale,92.62275499300719,92.62275499300719
245,Internet/Shipping,NotLiked,1,Standard,Resale,Resale,Recycling,Resale,61.43703148950262,61.43703148950262
246,Store-Customer,SeamDefect,5,Standard,Donation,Repair,Repair,Repair,12.323192179567307,20.842893094569494
247,Internet/Shipping,NotLiked,1,Standard,Resale,Resale,Donation,Resale,61.43703148950262,61.43703148950262
248,Internet/Shipping,Torn,9,Standard,Recycling,Resale,Refurbishing,Repair,5.905923977115277,-2.531358674294908
249,Internet/Shipping,NotLiked,6,Premium,Resale,Resale,Donation,Resale,92.43469760309688,92.43469760309688
250,Internet/Shipping,MissingPart,4,Premium,Repair,Resale,Repair,Repair,43.290419440559546,12.087125832167864
251,Internet/Shipping,NotLiked,13,Standard,Resale,Resale,Refurbishing,Resale,60.686300506278116,60.686300506278116
252,Store-Customer,MissingPart,25,Standard,Donation,Repair,Refurbishing,Repair,14.06792346049582,25.13584692099164
253,Internet/Shipping,ColorMismatch,6,Standard,Resale,Resale,Refurbishing,Resale,31.79062874188773,31.79062874188773
254,Internet/Shipping,NotLiked,11,Standard,Resale,Resale,Refurbishing,Resale,60.81079756284822,60.81079756284822
255,Internet/Shipping,NotLiked,158,Standard,Resale,Resale,Recycling,Resale,52.29253626401435,52.29253626401435
256,Internet/Shipping,SeamDefect,8,Standard,Donation,Repair,Repair,Repair,12.277291488490734,20.749005317367406
257,Store-Customer,ColorMismatch,69,Premium,Resale,Resale,Donation,Resale,45.999650704105605,45.999650704105605
258,Internet/Shipping,MissingPart,22,Standard,Donation,Repair,Repair,Repair,14.119204113396176,25.23840822679235
259,Internet/Shipping,SeamDefect,0,Standard,Donation,Repair,Repair,Repair,12.399999999999999,20.999999999999996
260,Internet/Shipping,NotLiked,3,Premium,Resale,Resale,Recycling,Resale,92.71692482506873,92.71692482506873
261,Internet/Shipping,NotLiked,12,Premium,Resale,Resale,Donation,Resale,91.87277686545242,91.87277686545242
262,Store-Customer,Undamaged,507,Premium,Resale,Resale,Resale,Resale,59.17940210568577,59.17940210568577
263,Internet/Shipping,ColorMismatch,2,Standard,Resale,Resale,Refurbishing,Resale,31.930069953356657,31.930069953356657
264,Internet/Shipping,NotLiked,0,Standard,Resale,Resale,DiscountSale,Resale,61.49999999999999,61.49999999999999
265,Store-Customer,ColorMismatch,8,Standard,Resale,Resale,DiscountSale,Resale,31.721117019297118,31.721117019297118
266,Internet/Shipping,Undamaged,1,Standard,Resale,Resale,Recycling,Resale,65.53353323891943,65.53353323891943
267,Internet/Shipping,ColorMismatch,16,Standard,Resale,Resale,Repackaging,Resale,31.444456201934976,31.444456201934976
268,Internet/Shipping,ColorMismatch,13,Premium,Resale,Resale,Repackaging,Resale,48.8219170885651,48.8219170885651
269,Internet/Shipping,Torn,17,Standard,Recycling,Donation,Recycling,Repair,5.823008688666551,10.764011584888733
270,Internet/Shipping,Undamaged,143,Premium,Resale,Resale,Recycling,Resale,85.558718372325,85.558718372325
271,Internet/Shipping,NotLiked,12,Standard,Resale,Resale,Refurbishing,Resale,60.748517910301615,60.748517910301615
272,Internet/Shipping,NotLiked,8,Standard,Resale,Resale,Resale,Resale,60.99801063473481,60.99801063473481
273,Internet/Shipping,ColorMismatch,19,Standard,Resale,Resale,Resale,Resale,31.34127767849821,31.34127767849821
274,Internet/Shipping,NotLiked,198,Standard,Resale,Resale,DiscountSale,Resale,50.183300747683354,50.183300747683354
275,Internet/Shipping,NotLiked,46,Standard,Resale,Resale,Repackaging,Resale,58.66764361801502,58.66764361801502
276,Internet/Shipping,NotLiked,0,Standard,Resale,Resale,Repackaging,Resale,61.49999999999999,61.49999999999999
277,Internet/Shipping,Undamaged,10,Standard,Resale,Resale,Recycling,Resale,64.93831394431967,64.93831394431967
278,Internet/Shipping,Torn,1,Standard,Recycling,Resale,Donation,Repair,5.9895052482504365,-2.5034982505831875
279,Store-Customer,Undamaged,107,Standard,Resale,Resale,Resale,Resale,58.85195725385532,58.85195725385532
280,Store-Customer,Torn,10,Premium,Repair,Repair,Repair,Repair,29.582093017465056,29.582093017465056
281,Internet/Shipping,ColorMismatch,3,Standard,Resale,Resale,Refurbishing,Resale,31.89515734261805,31.89515734261805
282,Internet/Shipping,NotLiked,6,Standard,Resale,Resale,Repackaging,Resale,61.12313173539791,61.12313173539791
283,Internet/Shipping,NotLiked,1,Standard,Resale,Resale,Donation,Resale,61.43703148950262,61.43703148950262
284,Internet/Shipping,NotLiked,17,Standard,Resale,Resale,Repackaging,Resale,60.43805213199931,60.43805213199931
285,Internet/Shipping,NotLiked,2,Standard,Resale,Resale,Repackaging,Resale,61.37412591604198,61.37412591604198
286,Internet/Shipping,ColorMismatch,0,Standard,Resale,Resale,DiscountSale,Resale,32.0,32.0
287,Internet/Shipping,ColorMismatch,63,Standard,Resale,Resale,Resale,Resale,29.86302157911966,29.86302157911966
288,Internet/Shipping,NotLiked,22,Standard,Resale,Resale,Recycling,Resale,60.129134808226226,60.129134808226226
289,Internet/Shipping,NotLiked,1,Standard,Resale,Resale,Recycling,Resale,61.43703148950262,61.43703148950262
290,Internet/Shipping,NotLiked,6,Standard,Resale,Resale,Repackaging,Resale,61.12313173539791,61.12313173539791
291,Store-Customer,Torn,243,Standard,Disposal,Resale,Donation,Repair,0.0,-3.2550497017995528
292,Internet/Shipping,SeamDefect,15,Standard,Disposal,Refurbishing,Refurbishing,Repair,0.0,12.287350731664317
293,Store-Customer,Torn,11,Standard,Recycling,Resale,Donation,Repair,5.88513292714137,-2.5382890242862097
294,Internet/Shipping,ColorMismatch,3,Premium,Resale,Resale,Refurbishing,Resale,49.34273601392708,49.34273601392708
295,Store-Customer,NotLiked,6,Standard,Resale,Resale,Recycling,Resale,61.12313173539791,61.12313173539791
296,Store-Customer,SeamDefect,0,Standard,Donation,Repair,Recycling,Repair,12.399999999999999,20.999999999999996
297,Store-Employee,Torn,21,Standard,Disposal,Resale,Donation,Repair,0.0,-2.572733624006892
298,Store-Customer,SeamDefect,0,Standard,Donation,Repair,Refurbishing,Repair,12.399999999999999,20.999999999999996
299,Store-Customer,SeamDefect,0,Standard,Donation,Resale,Refurbishing,Repair,12.399999999999999,1.6000000000000005
300,Internet/Shipping,NotLiked,15,Standard,Resale,Resale,Resale,Resale,60.56205219499294,60.56205219499294
301,Store-Customer,NotLiked,42,Standard,Resale,Resale,Repackaging,Resale,58.908796176066524,58.908796176066524
302,Internet/Shipping,SeamDefect,21,Standard,Disposal,Refurbishing,Donation,Repair,0.0,12.163598255958648
303,Internet/Shipping,NotLiked,1,Standard,Resale,Resale,Resale,Resale,61.43703148950262,61.43703148950262
304,Internet/Shipping,NotLiked,6,Standard,Resale,Resale,DiscountSale,Resale,61.12313173539791,61.12313173539791
305,Store-Customer,Undamaged,1,Standard,Resale,Resale,Recycling,Resale,65.53353323891943,65.53353323891943
306,Internet/Shipping,Stained,5,Standard,Refurbishing,Resale,Refurbishing,Refurbishing,28.82543677174388,1.0720698834790205
307,Internet/Shipping,NotLiked,8,Standard,Resale,Resale,Refurbishing,Resale,60.99801063473481,60.99801063473481
308,Internet/Shipping,NotLiked,5,Standard,Resale,Resale,Recycling,Resale,61.18578618913899,61.18578618913899
309,Internet/Shipping,ColorMismatch,9,Standard,Resale,Resale,Refurbishing,Resale,31.686413257050923,31.686413257050923
310,Internet/Shipping,NotLiked,47,Standard,Resale,Resale,Resale,Resale,58.60750604819337,58.60750604819337
311,Internet/Shipping,ColorMismatch,35,Standard,Resale,Resale,Recycling,Resale,30.79618956901482,30.79618956901482
312,Internet/Shipping,NotLiked,0,Standard,Resale,Resale,Donation,Resale,61.49999999999999,61.49999999999999
313,Internet/Shipping,NotLiked,1,Standard,Resale,Resale,Resale,Resale,61.43703148950262,61.43703148950262
314,Internet/Shipping,NotLiked,6,Standard,Resale,Resale,Refurbishing,Resale,61.12313173539791,61.12313173539791
315,Internet/Shipping,NotLiked,5,Standard,Resale,Resale,Refurbishing,Resale,61.18578618913899,61.18578618913899
316,Internet/Shipping,NotLiked,3,Premium,Resale,Resale,Recycling,Resale,92.71692482506873,92.71692482506873
317,Internet/Shipping,NotLiked,7,Standard,Resale,Resale,Donation,Resale,61.060539904793806,61.060539904793806
318,Internet/Shipping,Torn,26,Premium,Repair,Repair,Recycling,Repair,28.922073763567475,28.922073763567475
319,Internet/Shipping,NotLiked,5,Standard,Resale,Resale,DiscountSale,Resale,61.18578618913899,61.18578618913899
320,Store-Customer,Undamaged,136,Standard,Resale,Resale,Donation,Resale,57.14403506049983,57.14403506049983
321,Store-Customer,NotLiked,0,Standard,Resale,Resale,Refurbishing,Resale,61.49999999999999,61.49999999999999
322,Internet/Shipping,NotLiked,0,Standard,Resale,Resale,Resale,Resale,61.49999999999999,61.49999999999999
323,Internet/Shipping,NotLiked,4,Standard,Resale,Resale,Recycling,Resale,61.24850332867146,61.24850332867146
324,Internet/Shipping,NotLiked,0,Standard,Resale,Resale,DiscountSale,Resale,61.49999999999999,61.49999999999999
325,Store-Customer,NotLiked,7,Standard,Resale,Resale,DiscountSale,Resale,61.060539904793806,61.060539904793806
326,Internet/Shipping,NotLiked,127,Standard,Resale,Resale,Refurbishing,Resale,53.986221373620886,53.986221373620886
327,Store-Customer,Undamaged,3,Standard,Resale,Resale,Repackaging,Resale,65.40079895097429,65.40079895097429
328,Internet/Shipping,ColorMismatch,1,Standard,Resale,Resale,Resale,Resale,31.965017494168123,31.965017494168123
329,Internet/Shipping,NotLiked,8,Premium,Resale,Resale,Resale,Resale,92.24701595210222,92.24701595210222
330,Internet/Shipping,SeamDefect,7,Premium,Repair,Repair,Recycling,Repair,36.42040492859535,36.42040492859535
331,Internet/Shipping,Stained,13,Standard,Refurbishing,Refurbishing,Recycling,Refurbishing,28.547944725710067,28.547944725710067
332,Internet/Shipping,NotLiked,3,Standard,Resale,Resale,Repackaging,Resale,61.311283216712496,61.311283216712496
333,Internet/Shipping,NotLiked,29,Premium,Resale,Resale,Refurbishing,Resale,90.29885589209415,90.29885589209415
334,Store-Customer,SeamDefect,1,Standard,Donation,Resale,Donation,Repair,12.384607697433974,1.5930034988336255
335,Internet/Shipping,NotLiked,4,Premium,Resale,Resale,Repackaging,Resale,92.62275499300719,92.62275499300719
336,Internet/Shipping,ColorMismatch,12,Standard,Resale,Resale,Donation,Resale,31.58250995016757,31.58250995016757
337,Internet/Shipping,NotLiked,54,Standard,Resale,Resale,DiscountSale,Resale,58.188222709613285,58.188222709613285
338,Internet/Shipping,Torn,7,Standard,Recycling,Donation,Refurbishing,Repair,5.926756650798968,10.902342201065292
339,Internet/Shipping,Undamaged,13,Standard,Resale,Resale,Repackaging,Resale,64.74109497884912,64.74109497884912
340,Store-Customer,NotLiked,0,Standard,Resale,Resale,DiscountSale,Resale,61.49999999999999,61.49999999999999
341,Internet/Shipping,Undamaged,4,Standard,Resale,Resale,Donation,Resale,65.33453129137543,65.33453129137543
342,Store-Employee,SeamDefect,0,Premium,Repair,Repair,Refurbishing,Repair,36.75,36.75
343,Store-Customer,Stained,20,Standard,Refurbishing,Refurbishing,Recycling,Refurbishing,28.30695356573643,28.30695356573643
344,Internet/Shipping,NotLiked,2,Standard,Resale,Resale,Recycling,Resale,61.37412591604198,61.37412591604198
345,Store-Customer,Undamaged,15,Standard,Resale,Resale,DiscountSale,Resale,64.60994398360366,64.60994398360366
346,Store-Customer,SeamDefect,0,Standard,Donation,Repair,Refurbishing,Repair,12.399999999999999,20.999999999999996
347,Store-Customer,Undamaged,36,Premium,Resale,Resale,DiscountSale,Resale,95.32286927494151,95.32286927494151
348,Internet/Shipping,MissingPart,141,Standard,Disposal,Refurbishing,Donation,Repair,0.0,13.77798813659286
349,Internet/Shipping,NotLiked,0,Standard,Resale,Resale,Refurbishing,Resale,61.49999999999999,61.49999999999999
350,Internet/Shipping,NotLiked,0,Standard,Resale,Resale,Resale,Resale,61.49999999999999,61.49999999999999
351,Internet/Shipping,NotLiked,0,Standard,Resale,Resale,Recycling,Resale,61.49999999999999,61.49999999999999
352,Internet/Shipping,Stained,201,Standard,Refurbishing,Resale,Refurbishing,Refurbishing,22.626935104385076,0.08030961670161219
353,Internet/Shipping,ColorMismatch,1,Standard,Resale,Resale,Refurbishing,Resale,31.965017494168123,31.965017494168123
354,Internet/Shipping,Undamaged,9,Standard,Resale,Resale,Recycling,Resale,65.00418518839676,65.00418518839676
355,Internet/Shipping,NotLiked,2,Premium,Resale,Resale,DiscountSale,Resale,92.81118887406298,92.81118887406298
356,Internet/Shipping,MissingPart,26,Premium,Repair,Resale,Donation,Repair,42.15259220445934,11.745777661337804
357,Store-Customer,Undamaged,3,Premium,Resale,Resale,Resale,Resale,98.55119842646144,98.55119842646144
358,Store-Customer,Torn,10,Standard,Recycling,Resale,Donation,Repair,5.895523254366264,-2.5348255818779117
359,Internet/Shipping,NotLiked,31,Standard,Resale,Resale,Resale,Resale,59.57696110378963,59.57696110378963
360,Internet/Shipping,NotLiked,2,Standard,Resale,Resale,Donation,Resale,61.37412591604198,61.37412591604198
361,Store-Customer,MissingPart,98,Standard,Donation,Refurbishing,Donation,Repair,12.866355815693614,14.71289814197106
362,Internet/Shipping,MissingPart,0,Standard,Repair,Resale,Donation,Repair,26.0,6.9
363,Internet/Shipping,NotLiked,4,Standard,Resale,Resale,Refurbishing,Resale,61.24850332867146,61.24850332867146
364,Internet/Shipping,NotLiked,119,Standard,Resale,Resale,DiscountSale,Resale,54.43189144800285,54.43189144800285
365,Internet/Shipping,ColorMismatch,12,Standard,Resale,Resale,Resale,Resale,31.58250995016757,31.58250995016757
366,Internet/Shipping,NotLiked,13,Standard,Resale,Resale,Recycling,Resale,60.686300506278116,60.686300506278116
367,Store-Customer,Undamaged,3,Standard,Resale,Resale,Recycling,Resale,65.40079895097429,65.40079895097429
368,Internet/Shipping,NotLiked,2,Standard,Resale,Resale,Refurbishing,Resale,61.37412591604198,61.37412591604198
369,Internet/Shipping,NotLiked,4,Standard,Resale,Resale,Resale,Resale,61.24850332867146,61.24850332867146
370,Store-Customer,Undamaged,12,Standard,Resale,Resale,Donation,Resale,64.80676890531838,64.80676890531838
371,Store-Customer,Torn,1,Standard,Recycling,Resale,Refurbishing,Repair,5.9895052482504365,-2.5034982505831875
372,Internet/Shipping,NotLiked,4,Standard,Resale,Resale,Recycling,Resale,61.24850332867146,61.24850332867146
373,Internet/Shipping,Torn,2,Standard,Recycling,Donation,Refurbishing,Repair,5.979020986006997,10.972027981342661
374,Internet/Shipping,ColorMismatch,4,Standard,Resale,Resale,Repackaging,Resale,31.860279627039702,31.860279627039702
375,Internet/Shipping,NotLiked,7,Standard,Resale,Resale,DiscountSale,Resale,61.060539904793806,61.060539904793806
376,Internet/Shipping,NotLiked,4,Standard,Resale,Resale,Resale,Resale,61.24850332867146,61.24850332867146
377,Store-Customer,SeamDefect,250,Standard,Disposal,Donation,Recycling,Repair,0.0,8.993532059299636
378,Internet/Shipping,NotLiked,13,Standard,Resale,Resale,Donation,Resale,60.686300506278116,60.686300506278116
379,Internet/Shipping,ColorMismatch,6,Standard,Resale,Resale,Repackaging,Resale,31.79062874188773,31.79062874188773
380,Internet/Shipping,Stained,14,Standard,Refurbishing,Refurbishing,Refurbishing,Refurbishing,28.513414049200165,28.513414049200165
381,Internet/Shipping,Stained,119,Standard,Refurbishing,Resale,Refurbishing,Refurbishing,25.073273026668254,0.47172368426692035
382,Store-Customer,NotLiked,4,Standard,Resale,Resale,DiscountSale,Resale,61.24850332867146,61.24850332867146
383,Store-Customer,Undamaged,7,Standard,Resale,Resale,DiscountSale,Resale,65.13612545506012,65.13612545506012
384,Internet/Shipping,NotLiked,0,Standard,Resale,Resale,Refurbishing,Resale,61.49999999999999,61.49999999999999
385,Internet/Shipping,NotLiked,0,Premium,Resale,Resale,Resale,Resale,93.0,93.0
386,Store-Employee,ColorMismatch,27,Standard,Resale,Resale,Resale,Resale,31.067643453351785,31.067643453351785
387,Internet/Shipping,NotLiked,29,Standard,Resale,Resale,Resale,Resale,59.6992372613961,59.6992372613961
388,Store-Employee,Stained,0,Standard,Refurbishing,Refurbishing,Donation,Refurbishing,29.0,29.0
389,Internet/Shipping,ColorMismatch,17,Standard,Resale,Resale,DiscountSale,Resale,31.410028962221837,31.410028962221837
390,Store-Customer,Undamaged,0,Premium,Resale,Resale,Resale,Resale,98.85,98.85
391,Internet/Shipping,NotLiked,9,Standard,Resale,Resale,Donation,Resale,60.93554386269166,60.93554386269166
392,Internet/Shipping,ColorMismatch,15,Standard,Resale,Resale,Refurbishing,Resale,31.47891788610719,31.47891788610719
393,Internet/Shipping,ColorMismatch,2,Standard,Resale,Resale,Repackaging,Resale,31.930069953356657,31.930069953356657
394,Internet/Shipping,NotLiked,0,Standard,Resale,Resale,Recycling,Resale,61.49999999999999,61.49999999999999
395,Internet/Shipping,NotLiked,8,Standard,Resale,Resale,Donation,Resale,60.99801063473481,60.99801063473481
396,Internet/Shipping,NotLiked,37,Premium,Resale,Resale,DiscountSale,Resale,89.56739479048555,89.56739479048555
397,Store-Customer,MissingPart,5,Premium,Repair,Repair,Repair,Repair,43.23815515761582,43.23815515761582
398,Internet/Shipping,NotLiked,3,Premium,Resale,Resale,Refurbishing,Resale,92.71692482506873,92.71692482506873
399,Internet/Shipping,NotLiked,2,Premium,Resale,Resale,Refurbishing,Resale,92.81118887406298,92.81118887406298
400,Internet/Shipping,Undamaged,12,Standard,Resale,Resale,Repackaging,Resale,64.80676890531838,64.80676890531838
401,Internet/Shipping,NotLiked,14,Premium,Resale,Resale,DiscountSale,Resale,91.68621793284044,91.68621793284044
402,Store-Customer,Undamaged,27,Standard,Resale,Resale,Donation,Resale,63.828522561368395,63.828522561368395
403,Store-Customer,Undamaged,21,Standard,Resale,Resale,Repackaging,Resale,64.21806114386905,64.21806114386905
404,Internet/Shipping,NotLiked,42,Premium,Resale,Resale,DiscountSale,Resale,89.11319426409979,89.11319426409979
405,Store-Employee,ColorMismatch,148,Standard,Resale,Resale,Repackaging,Resale,27.185089022971592,27.185089022971592
406,Store-Customer,MissingPart,5,Standard,Repair,Repair,Recycling,Repair,25.82543677174388,25.82543677174388
407,Internet/Shipping,ColorMismatch,9,Standard,Resale,Resale,Repackaging,Resale,31.686413257050923,31.686413257050923
408,Store-Customer,Undamaged,3,Standard,Resale,Resale,Resale,Resale,65.40079895097429,65.40079895097429
409,Internet/Shipping,Undamaged,5,Standard,Resale,Resale,DiscountSale,Resale,65.26832986631337,65.26832986631337
410,Store-Employee,Stained,57,Standard,Refurbishing,Refurbishing,Refurbishing,Refurbishing,27.06079242782831,27.06079242782831
411,Internet/Shipping,NotLiked,8,Premium,Resale,Resale,Refurbishing,Resale,92.24701595210222,92.24701595210222
412,Internet/Shipping,Torn,63,Standard,Disposal,Resale,Repair,Repair,0.0,-2.713697842088034
413,Internet/Shipping,Stained,6,Standard,Refurbishing,Refurbishing,Refurbishing,Refurbishing,28.79062874188773,28.79062874188773
414,Store-Customer,NotLiked,9,Standard,Resale,Resale,Resale,Resale,60.93554386269166,60.93554386269166
415,Internet/Shipping,ColorMismatch,4,Premium,Resale,Resale,Resale,Resale,49.290419440559546,49.290419440559546
416,Internet/Shipping,ColorMismatch,6,Standard,Resale,Resale,Donation,Resale,31.79062874188773,31.79062874188773
417,Internet/Shipping,NotLiked,1,Standard,Resale,Resale,DiscountSale,Resale,61.43703148950262,61.43703148950262
418,Store-Customer,NotLiked,13,Premium,Resale,Resale,Resale,Resale,91.77945075941716,91.77945075941716
419,Internet/Shipping,Stained,0,Standard,Refurbishing,Refurbishing,Refurbishing,Refurbishing,29.0,29.0
420,Store-Customer,NotLiked,131,Standard,Resale,Resale,Recycling,Resale,53.764719786635744,53.764719786635744
421,Internet/Shipping,NotLiked,2,Standard,Resale,Resale,DiscountSale,Resale,61.37412591604198,61.37412591604198
422,Internet/Shipping,Stained,1,Premium,Refurbishing,Refurbishing,Donation,Refurbishing,46.44752624125218,46.44752624125218
423,Internet/Shipping,ColorMismatch,27,Standard,Resale,Resale,Donation,Resale,31.067643453351785,31.067643453351785
424,Internet/Shipping,NotLiked,0,Premium,Resale,Resale,Recycling,Resale,93.0,93.0
425,Internet/Shipping,NotLiked,126,Standard,Resale,Resale,Repackaging,Resale,54.04173534735521,54.04173534735521
426,Store-Customer,NotLiked,20,Premium,Resale,Resale,Refurbishing,Resale,91.12877462748837,91.12877462748837
427,Internet/Shipping,ColorMismatch,0,Standard,Resale,Resale,DiscountSale,Resale,32.0,32.0
428,Store-Customer,Undamaged,11,Premium,Resale,Resale,DiscountSale,Resale,97.75876280784301,97.75876280784301
429,Internet/Shipping,ColorMismatch,9,Standard,Resale,Resale,Resale,Resale,31.686413257050923,31.686413257050923
430,Store-Customer,SeamDefect,17,Premium,Repair,Resale,Recycling,Repair,35.953539098999485,4.92300868866655
431,Store-Customer,SeamDefect,86,Premium,Repair,Resale,Repair,Repair,32.856327425152124,4.2347394278115855
432,Store-Customer,NotLiked,19,Standard,Resale,Resale,Donation,Resale,60.31429982129678,60.31429982129678
433,Internet/Shipping,NotLiked,9,Premium,Resale,Resale,Donation,Resale,92.1533157940375,92.1533157940375
434,Store-Customer,Undamaged,4,Premium,Resale,Resale,Resale,Resale,98.45179693706314,98.45179693706314
435,Internet/Shipping,Undamaged,9,Standard,Resale,Resale,Recycling,Resale,65.00418518839676,65.00418518839676
436,Internet/Shipping,Torn,92,Standard,Disposal,Donation,Repair,Repair,0.0,9.769472093631263
437,Internet/Shipping,NotLiked,8,Premium,Resale,Resale,Recycling,Resale,92.24701595210222,92.24701595210222
438,Internet/Shipping,NotLiked,10,Standard,Resale,Resale,DiscountSale,Resale,60.87313952619759,60.87313952619759
439,Internet/Shipping,NotLiked,1,Standard,Resale,Resale,Resale,Resale,61.43703148950262,61.43703148950262
440,Internet/Shipping,Undamaged,18,Standard,Resale,Resale,Repackaging,Resale,64.413708651827,64.413708651827
441,Store-Customer,NotLiked,41,Standard,Resale,Resale,DiscountSale,Resale,58.96923518671133,58.96923518671133
442,Internet/Shipping,NotLiked,2,Premium,Resale,Resale,Refurbishing,Resale,92.81118887406298,92.81118887406298
443,Internet/Shipping,SeamDefect,4,Standard,Donation,Repair,Repair,Repair,12.338523035897468,20.87425166433573
444,Internet/Shipping,NotLiked,14,Standard,Resale,Resale,Repackaging,Resale,60.6241452885603,60.6241452885603
445,Internet/Shipping,ColorMismatch,2,Standard,Resale,Resale,Recycling,Resale,31.930069953356657,31.930069953356657
446,Internet/Shipping,NotLiked,9,Standard,Resale,Resale,Recycling,Resale,60.93554386269166,60.93554386269166
447,Store-Employee,Stained,0,Standard,Refurbishing,Refurbishing,Refurbishing,Refurbishing,29.0,29.0
448,Internet/Shipping,NotLiked,2,Standard,Resale,Resale,DiscountSale,Resale,61.37412591604198,61.37412591604198
449,Internet/Shipping,Undamaged,10,Premium,Resale,Resale,Recycling,Resale,97.85747091647951,97.85747091647951
450,Internet/Shipping,NotLiked,13,Standard,Resale,Resale,Refurbishing,Resale,60.686300506278116,60.686300506278116
451,Internet/Shipping,NotLiked,10,Standard,Resale,Resale,DiscountSale,Resale,60.87313952619759,60.87313952619759
452,Store-Customer,MissingPart,19,Premium,Repair,Resale,Donation,Repair,42.511916517747316,11.853574955324195
453,Internet/Shipping,MissingPart,14,Premium,Repair,Repair,Refurbishing,Repair,42.77012107380024,42.77012107380024
454,Internet/Shipping,MissingPart,28,Standard,Donation,Repair,Repair,Repair,14.01679641902182,25.03359283804364
455,Internet/Shipping,Torn,11,Standard,Recycling,Donation,Recycling,Repair,5.88513292714137,10.846843902855161
456,Internet/Shipping,NotLiked,12,Premium,Resale,Resale,Recycling,Resale,91.87277686545242,91.87277686545242
457,Store-Employee,SeamDefect,14,Standard,Disposal,Refurbishing,Repair,Repair,0.0,12.308048429520097
458,Internet/Shipping,ColorMismatch,6,Standard,Resale,Resale,Recycling,Resale,31.79062874188773,31.79062874188773
459,Store-Customer,NotLiked,3,Standard,Resale,Resale,DiscountSale,Resale,61.311283216712496,61.311283216712496
460,Internet/Shipping,SeamDefect,8,Standard,Donation,Repair,Repair,Repair,12.277291488490734,20.749005317367406
461,Internet/Shipping,NotLiked,99,Standard,Resale,Resale,Donation,Resale,55.56179060548355,55.56179060548355
462,Internet/Shipping,NotLiked,8,Premium,Resale,Resale,Resale,Resale,92.24701595210222,92.24701595210222
463,Store-Customer,Torn,0,Standard,Recycling,Resale,Recycling,Repair,6.0,-2.5
464,Internet/Shipping,Undamaged,10,Premium,Resale,Resale,Recycling,Resale,97.85747091647951,97.85747091647951
465,Internet/Shipping,NotLiked,3,Premium,Resale,Resale,Resale,Resale,92.71692482506873,92.71692482506873
466,Internet/Shipping,ColorMismatch,16,Standard,Resale,Resale,DiscountSale,Resale,31.444456201934976,31.444456201934976
467,Internet/Shipping,MissingPart,212,Standard,Disposal,Refurbishing,Repair,Repair,0.0,12.319635090379244
468,Store-Customer,ColorMismatch,13,Premium,Resale,Resale,Recycling,Resale,48.8219170885651,48.8219170885651
469,Internet/Shipping,ColorMismatch,10,Standard,Resale,Resale,Refurbishing,Resale,31.651744181220877,31.651744181220877
470,Internet/Shipping,NotLiked,4,Premium,Resale,Resale,DiscountSale,Resale,92.62275499300719,92.62275499300719
471,Internet/Shipping,NotLiked,1,Standard,Resale,Resale,Donation,Resale,61.43703148950262,61.43703148950262
472,Internet/Shipping,NotLiked,98,Standard,Resale,Resale,Donation,Resale,55.61888093649701,55.61888093649701
473,Internet/Shipping,NotLiked,21,Standard,Resale,Resale,Repackaging,Resale,60.19079476787595,60.19079476787595
474,Internet/Shipping,Undamaged,10,Standard,Resale,Resale,Recycling,Resale,64.93831394431967,64.93831394431967
475,Internet/Shipping,Torn,2,Premium,Repair,Repair,Recycling,Repair,29.91608394402798,29.91608394402798
476,Internet/Shipping,NotLiked,0,Standard,Resale,Resale,Donation,Resale,61.49999999999999,61.49999999999999
477,Internet/Shipping,NotLiked,7,Standard,Resale,Resale,DiscountSale,Resale,61.060539904793806,61.060539904793806
478,Internet/Shipping,SeamDefect,4,Premium,Repair,Repair,Repair,Repair,36.561377496503596,36.561377496503596
479,Internet/Shipping,NotLiked,5,Standard,Resale,Resale,Recycling,Resale,61.18578618913899,61.18578618913899
480,Internet/Shipping,NotLiked,170,Standard,Resale,Resale,Resale,Resale,51.65088344557217,51.65088344557217
481,Internet/Shipping,NotLiked,8,Standard,Resale,Resale,Refurbishing,Resale,60.99801063473481,60.99801063473481
482,Internet/Shipping,ColorMismatch,1,Standard,Resale,Resale,Donation,Resale,31.965017494168123,31.965017494168123
483,Internet/Shipping,NotLiked,1,Standard,Resale,Resale,Refurbishing,Resale,61.43703148950262,61.43703148950262
484,Internet/Shipping,ColorMismatch,6,Standard,Resale,Resale,Donation,Resale,31.79062874188773,31.79062874188773
485,Internet/Shipping,NotLiked,101,Standard,Resale,Resale,Repackaging,Resale,55.44778107180944,55.44778107180944
486,Internet/Shipping,ColorMismatch,3,Standard,Resale,Resale,Refurbishing,Resale,31.89515734261805,31.89515734261805
487,Internet/Shipping,NotLiked,23,Standard,Resale,Resale,Repackaging,Resale,60.067536477716445,60.067536477716445
488,Internet/Shipping,NotLiked,36,Standard,Resale,Resale,Recycling,Resale,59.27233848943675,59.27233848943675
489,Internet/Shipping,NotLiked,1,Standard,Resale,Resale,Donation,Resale,61.43703148950262,61.43703148950262
490,Internet/Shipping,NotLiked,9,Standard,Resale,Resale,Recycling,Resale,60.93554386269166,60.93554386269166
491,Internet/Shipping,NotLiked,35,Premium,Resale,Resale,DiscountSale,Resale,89.74971183634003,89.74971183634003
492,Internet/Shipping,NotLiked,5,Standard,Resale,Resale,DiscountSale,Resale,61.18578618913899,61.18578618913899
493,Internet/Shipping,NotLiked,0,Standard,Resale,Resale,Donation,Resale,61.49999999999999,61.49999999999999
494,Internet/Shipping,NotLiked,85,Standard,Resale,Resale,Recycling,Resale,56.36627391729181,56.36627391729181
495,Store-Customer,Torn,64,Standard,Disposal,Resale,Refurbishing,Repair,0.0,-2.7169825016424474
496,Internet/Shipping,Stained,8,Standard,Refurbishing,Resale,Recycling,Refurbishing,28.721117019297118,1.0553787230875393
497,Internet/Shipping,NotLiked,9,Standard,Resale,Resale,Resale,Resale,60.93554386269166,60.93554386269166
498,Internet/Shipping,Undamaged,4,Standard,Resale,Resale,Repackaging,Resale,65.33453129137543,65.33453129137543
499,Internet/Shipping,MissingPart,153,Premium,Repair,Repair,Donation,Repair,36.05181039509817,36.05181039509817
500,Internet/Shipping,NotLiked,2,Standard,Resale,Resale,Repackaging,Resale,61.37412591604198,61.37412591604198
501,Internet/Shipping,ColorMismatch,0,Standard,Resale,Resale,Resale,Resale,32.0,32.0
502,Store-Customer,Undamaged,10,Standard,Resale,Resale,Donation,Resale,64.93831394431967,64.93831394431967
503,Store-Customer,SeamDefect,42,Standard,Disposal,Donation,Donation,Repair,0.0,11.76659462081626
504,Internet/Shipping,SeamDefect,306,Standard,Disposal,Donation,Donation,Repair,0.0,8.34035393962394
505,Internet/Shipping,ColorMismatch,7,Standard,Resale,Resale,Refurbishing,Resale,31.755855502663223,31.755855502663223
506,Store-Customer,NotLiked,0,Standard,Resale,Resale,Repackaging,Resale,61.49999999999999,61.49999999999999
507,Internet/Shipping,NotLiked,107,Standard,Resale,Resale,Recycling,Resale,55.10711739838924,55.10711739838924
508,Store-Customer,MissingPart,117,Standard,Donation,Refurbishing,Repair,Repair,12.567740880359699,14.294837232503578
509,Internet/Shipping,NotLiked,12,Standard,Resale,Resale,Refurbishing,Resale,60.748517910301615,60.748517910301615
510,Internet/Shipping,NotLiked,12,Standard,Resale,Resale,Refurbishing,Resale,60.748517910301615,60.748517910301615
511,Internet/Shipping,NotLiked,4,Standard,Resale,Resale,DiscountSale,Resale,61.24850332867146,61.24850332867146
512,Store-Customer,Undamaged,5,Standard,Resale,Resale,Donation,Resale,65.26832986631337,65.26832986631337
513,Internet/Shipping,MissingPart,4,Standard,Repair,Repair,Donation,Repair,25.860279627039702,25.860279627039702
514,Internet/Shipping,MissingPart,0,Standard,Repair,Resale,Donation,Repair,26.0,6.9
515,Internet/Shipping,NotLiked,6,Standard,Resale,Resale,DiscountSale,Resale,61.12313173539791,61.12313173539791
516,Internet/Shipping,ColorMismatch,86,Standard,Resale,Resale,Resale,Resale,29.115798092705283,29.115798092705283
517,Internet/Shipping,NotLiked,3,Standard,Resale,Resale,DiscountSale,Resale,61.311283216712496,61.311283216712496
518,Internet/Shipping,SeamDefect,4,Standard,Donation,Repair,Repair,Repair,12.338523035897468,20.87425166433573
519,Internet/Shipping,NotLiked,8,Premium,Resale,Resale,Repackaging,Resale,92.24701595210222,92.24701595210222
520,Store-Customer,SeamDefect,3,Standard,Donation,Resale,Recycling,Repair,12.353869230751945,1.5790314685236115
521,Store-Customer,Stained,7,Premium,Refurbishing,Refurbishing,Recycling,Refurbishing,46.133783253994835,46.133783253994835
522,Internet/Shipping,Stained,8,Standard,Refurbishing,Resale,Refurbishing,Refurbishing,28.721117019297118,1.0553787230875393
523,Internet/Shipping,Torn,5,Standard,Recycling,Resale,Repair,Repair,5.947631031523164,-2.517456322825612
524,Internet/Shipping,NotLiked,12,Standard,Resale,Resale,Donation,Resale,60.748517910301615,60.748517910301615
525,Internet/Shipping,NotLiked,31,Standard,Resale,Resale,Refurbishing,Resale,59.57696110378963,59.57696110378963
526,Internet/Shipping,Torn,1,Premium,Repair,Repair,Refurbishing,Repair,29.958020993001746,29.958020993001746
527,Store-Employee,SeamDefect,37,Standard,Disposal,Resale,Donation,Repair,0.0,1.3457329474433743
528,Store-Employee,Torn,47,Standard,Disposal,Resale,Repair,Repair,0.0,-2.6606941084337015
529,Store-Customer,MissingPart,117,Standard,Donation,Resale,Donation,Repair,12.567740880359699,5.740644528215819
530,Internet/Shipping,NotLiked,9,Premium,Resale,Resale,DiscountSale,Resale,92.1533157940375,92.1533157940375
531,Internet/Shipping,NotLiked,8,Premium,Resale,Resale,Recycling,Resale,92.24701595210222,92.24701595210222
532,Internet/Shipping,Stained,12,Standard,Refurbishing,Refurbishing,Refurbishing,Refurbishing,28.58250995016757,28.58250995016757
533,Internet/Shipping,ColorMismatch,8,Standard,Resale,Resale,Resale,Resale,31.721117019297118,31.721117019297118
534,Internet/Shipping,NotLiked,0,Standard,Resale,Resale,Refurbishing,Resale,61.49999999999999,61.49999999999999
535,Internet/Shipping,NotLiked,37,Premium,Resale,Resale,Recycling,Resale,89.56739479048555,89.56739479048555
536,Internet/Shipping,NotLiked,10,Standard,Resale,Resale,Resale,Resale,60.87313952619759,60.87313952619759
537,Internet/Shipping,MissingPart,22,Standard,Donation,Resale,Refurbishing,Repair,14.119204113396176,6.671522468037706
538,Internet/Shipping,NotLiked,4,Standard,Resale,Resale,Resale,Resale,61.24850332867146,61.24850332867146
539,Internet/Shipping,NotLiked,0,Standard,Resale,Resale,Recycling,Resale,61.49999999999999,61.49999999999999
540,Store-Customer,NotLiked,11,Standard,Resale,Resale,Resale,Resale,60.81079756284822,60.81079756284822
541,Store-Employee,MissingPart,10,Standard,Repair,Repair,Recycling,Repair,25.651744181220877,25.651744181220877
542,Internet/Shipping,NotLiked,5,Standard,Resale,Resale,Resale,Resale,61.18578618913899,61.18578618913899
543,Store-Customer,ColorMismatch,6,Standard,Resale,Resale,Refurbishing,Resale,31.79062874188773,31.79062874188773
544,Store-Employee,Stained,6,Standard,Refurbishing,Resale,Refurbishing,Refurbishing,28.79062874188773,1.0665005987020368
545,Internet/Shipping,MissingPart,12,Premium,Repair,Resale,Donation,Repair,42.87376492525135,11.962129477575404
546,Internet/Shipping,NotLiked,4,Premium,Resale,Resale,Resale,Resale,92.62275499300719,92.62275499300719
547,Internet/Shipping,Torn,86,Premium,Recycling,Repair,Refurbishing,Repair,9.952109141717376,26.53895771124634
548,Internet/Shipping,ColorMismatch,4,Standard,Resale,Resale,Recycling,Resale,31.860279627039702,31.860279627039702
549,Store-Customer,ColorMismatch,1,Standard,Resale,Resale,Recycling,Resale,31.965017494168123,31.965017494168123
550,Internet/Shipping,Torn,7,Premium,Repair,Resale,Recycling,Repair,29.70702660319587,-0.7866216746005161
551,Internet/Shipping,MissingPart,10,Standard,Donation,Repair,Donation,Repair,14.325872090610439,25.651744181220877
552,Internet/Shipping,Torn,6,Standard,Recycling,Donation,Refurbishing,Repair,5.937188622566319,10.916251496755091
553,Internet/Shipping,Stained,14,Standard,Refurbishing,Refurbishing,Donation,Refurbishing,28.513414049200165,28.513414049200165
554,Store-Customer,ColorMismatch,85,Standard,Resale,Resale,Refurbishing,Resale,29.147929954051,29.147929954051
555,Internet/Shipping,NotLiked,4,Standard,Resale,Resale,DiscountSale,Resale,61.24850332867146,61.24850332867146
556,Internet/Shipping,Undamaged,8,Standard,Resale,Resale,Recycling,Resale,65.07012233666453,65.07012233666453
557,Internet/Shipping,NotLiked,0,Standard,Resale,Resale,Donation,Resale,61.49999999999999,61.49999999999999
558,Internet/Shipping,NotLiked,1,Standard,Resale,Resale,DiscountSale,Resale,61.43703148950262,61.43703148950262
559,Internet/Shipping,SeamDefect,1,Standard,Donation,Repair,Donation,Repair,12.384607697433974,20.96851574475131
560,Internet/Shipping,MissingPart,0,Standard,Repair,Resale,Donation,Repair,26.0,6.9
561,Internet/Shipping,ColorMismatch,14,Standard,Resale,Resale,Recycling,Resale,31.513414049200165,31.513414049200165
562,Internet/Shipping,NotLiked,11,Premium,Resale,Resale,Resale,Resale,91.96619634427232,91.96619634427232
563,Store-Customer,Torn,17,Standard,Disposal,Donation,Refurbishing,Repair,0.0,10.764011584888733
564,Internet/Shipping,NotLiked,11,Standard,Resale,Resale,Refurbishing,Resale,60.81079756284822,60.81079756284822
565,Internet/Shipping,NotLiked,9,Standard,Resale,Resale,DiscountSale,Resale,60.93554386269166,60.93554386269166
566,Internet/Shipping,NotLiked,7,Standard,Resale,Resale,Refurbishing,Resale,61.060539904793806,61.060539904793806
567,Store-Customer,MissingPart,0,Standard,Repair,Repair,Repair,Repair,26.0,26.0
568,Internet/Shipping,NotLiked,0,Standard,Resale,Resale,Refurbishing,Resale,61.49999999999999,61.49999999999999
569,Internet/Shipping,NotLiked,14,Standard,Resale,Resale,Recycling,Resale,60.6241452885603,60.6241452885603
570,Internet/Shipping,NotLiked,138,Standard,Resale,Resale,Recycling,Resale,53.379217579985294,53.379217579985294
571,Internet/Shipping,Undamaged,0,Standard,Resale,Resale,DiscountSale,Resale,65.6,65.6
572,Store-Customer,MissingPart,10,Standard,Repair,Repair,Refurbishing,Repair,25.651744181220877,25.651744181220877
573,Internet/Shipping,NotLiked,15,Standard,Resale,Resale,Refurbishing,Resale,60.56205219499294,60.56205219499294
574,Store-Customer,Undamaged,34,Standard,Resale,Resale,Resale,Resale,63.37700505839418,63.37700505839418
575,Store-Customer,Torn,9,Standard,Recycling,Donation,Repair,Repair,5.905923977115277,10.874565302820368
576,Internet/Shipping,Stained,8,Standard,Refurbishing,Resale,Recycling,Refurbishing,28.721117019297118,1.0553787230875393
577,Store-Customer,Stained,11,Standard,Refurbishing,Refurbishing,Donation,Refurbishing,28.617109757137904,28.617109757137904
578,Internet/Shipping,ColorMismatch,35,Standard,Resale,Resale,Recycling,Resale,30.79618956901482,30.79618956901482
579,Store-Customer,MissingPart,5,Standard,Repair,Resale,Donation,Repair,25.82543677174388,6.847631031523164
580,Internet/Shipping,NotLiked,263,Standard,Resale,Resale,Resale,Resale,46.9307395306031,46.9307395306031
581,Internet/Shipping,NotLiked,0,Standard,Resale,Resale,Resale,Resale,61.49999999999999,61.49999999999999
582,Internet/Shipping,NotLiked,268,Premium,Resale,Resale,DiscountSale,Resale,70.78378531422064,70.78378531422064
583,Internet/Shipping,MissingPart,0,Standard,Repair,Repair,Repair,Repair,26.0,26.0
584,Internet/Shipping,NotLiked,4,Standard,Resale,Resale,Resale,Resale,61.24850332867146,61.24850332867146
585,Store-Customer,NotLiked,0,Standard,Resale,Resale,Repackaging,Resale,61.49999999999999,61.49999999999999
586,Internet/Shipping,NotLiked,4,Standard,Resale,Resale,DiscountSale,Resale,61.24850332867146,61.24850332867146
587,Internet/Shipping,Stained,6,Standard,Refurbishing,Refurbishing,Donation,Refurbishing,28.79062874188773,28.79062874188773
588,Internet/Shipping,MissingPart,5,Standard,Repair,Resale,Repair,Repair,25.82543677174388,6.847631031523164
589,Internet/Shipping,NotLiked,4,Standard,Resale,Resale,DiscountSale,Resale,61.24850332867146,61.24850332867146
590,Internet/Shipping,NotLiked,3,Standard,Resale,Resale,DiscountSale,Resale,61.311283216712496,61.311283216712496
591,Store-Customer,Undamaged,25,Standard,Resale,Resale,DiscountSale,Resale,63.958109149884116,63.958109149884116
592,Internet/Shipping,NotLiked,144,Premium,Resale,Resale,DiscountSale,Resale,80.32639219159488,80.32639219159488
593,Internet/Shipping,NotLiked,8,Standard,Resale,Resale,Refurbishing,Resale,60.99801063473481,60.99801063473481
594,Internet/Shipping,NotLiked,7,Standard,Resale,Resale,DiscountSale,Resale,61.060539904793806,61.060539904793806
595,Internet/Shipping,ColorMismatch,1,Standard,Resale,Resale,Refurbishing,Resale,31.965017494168123,31.965017494168123
596,Internet/Shipping,Stained,36,Standard,Refurbishing,Resale,Donation,Refurbishing,27.762410271909303,0.9019856435054887
597,Internet/Shipping,NotLiked,0,Standard,Resale,Resale,Recycling,Resale,61.49999999999999,61.49999999999999
598,Internet/Shipping,ColorMismatch,6,Standard,Resale,Resale,Donation,Resale,31.79062874188773,31.79062874188773
599,Store-Employee,Torn,30,Premium,Repair,Repair,Recycling,Repair,28.758712409037336,28.758712409037336
600,Internet/Shipping,NotLiked,78,Standard,Resale,Resale,Recycling,Resale,56.77275887224297,56.77275887224297
601,Internet/Shipping,Undamaged,3,Standard,Resale,Resale,Donation,Resale,65.40079895097429,65.40079895097429
602,Store-Customer,Stained,13,Standard,Refurbishing,Resale,Donation,Refurbishing,28.547944725710067,1.0276711561136098
603,Store-Customer,ColorMismatch,5,Premium,Resale,Resale,Donation,Resale,49.23815515761582,49.23815515761582
604,Internet/Shipping,ColorMismatch,15,Standard,Resale,Resale,Resale,Resale,31.47891788610719,31.47891788610719
605,Store-Employee,ColorMismatch,0,Standard,Resale,Resale,Donation,Resale,32.0,32.0
606,Store-Customer,Undamaged,6,Standard,Resale,Resale,Recycling,Resale,65.20219460958668,65.20219460958668
607,Store-Customer,MissingPart,11,Standard,Donation,Repair,Refurbishing,Repair,14.308554878568952,25.617109757137904
608,Internet/Shipping,Torn,5,Standard,Recycling,Donation,Recycling,Repair,5.947631031523164,10.930174708697551
609,Internet/Shipping,Stained,9,Standard,Refurbishing,Refurbishing,Donation,Refurbishing,28.686413257050923,28.686413257050923
610,Internet/Shipping,NotLiked,6,Standard,Resale,Resale,DiscountSale,Resale,61.12313173539791,61.12313173539791
611,Internet/Shipping,NotLiked,74,Standard,Resale,Resale,DiscountSale,Resale,57.00631671200109,57.00631671200109
612,Internet/Shipping,NotLiked,192,Premium,Resale,Resale,Repackaging,Resale,76.49149907246397,76.49149907246397
613,Store-Employee,Undamaged,7,Standard,Resale,Resale,Donation,Resale,65.13612545506012,65.13612545506012
614,Store-Employee,SeamDefect,25,Premium,Repair,Resale,Refurbishing,Repair,35.58339334333871,4.840754076297494
615,Internet/Shipping,NotLiked,5,Standard,Resale,Resale,Donation,Resale,61.18578618913899,61.18578618913899
616,Internet/Shipping,Stained,2,Standard,Refurbishing,Refurbishing,Recycling,Refurbishing,28.930069953356657,28.930069953356657
617,Internet/Shipping,NotLiked,1,Standard,Resale,Resale,Refurbishing,Resale,61.43703148950262,61.43703148950262
618,Internet/Shipping,Undamaged,56,Standard,Resale,Resale,Repackaging,Resale,61.97835253671135,61.97835253671135
619,Internet/Shipping,NotLiked,31,Standard,Resale,Resale,Resale,Resale,59.57696110378963,59.57696110378963
620,Internet/Shipping,NotLiked,53,Standard,Resale,Resale,Resale,Resale,58.24794078638478,58.24794078638478
621,Store-Customer,MissingPart,68,Standard,Donation,Repair,Refurbishing,Repair,13.349558287601237,23.699116575202474
622,Internet/Shipping,NotLiked,66,Standard,Resale,Resale,Repackaging,Resale,57.476244450371986,57.476244450371986
623,Store-Employee,MissingPart,7,Premium,Repair,Repair,Repair,Repair,43.133783253994835,43.133783253994835
624,Internet/Shipping,ColorMismatch,93,Standard,Resale,Resale,Repackaging,Resale,28.891772510364916,28.891772510364916
625,Store-Employee,Stained,11,Standard,Refurbishing,Refurbishing,Recycling,Refurbishing,28.617109757137904,28.617109757137904
626,Internet/Shipping,ColorMismatch,7,Standard,Resale,Resale,Refurbishing,Resale,31.755855502663223,31.755855502663223
627,Store-Customer,MissingPart,13,Standard,Donation,Resale,Refurbishing,Repair,14.273972362855034,6.764383417713018
628,Internet/Shipping,NotLiked,3,Standard,Resale,Resale,Repackaging,Resale,61.311283216712496,61.311283216712496
629,Internet/Shipping,NotLiked,7,Standard,Resale,Resale,Recycling,Resale,61.060539904793806,61.060539904793806
630,Store-Customer,SeamDefect,4,Standard,Donation,Repair,Refurbishing,Repair,12.338523035897468,20.87425166433573
631,Store-Customer,ColorMismatch,0,Standard,Resale,Resale,Donation,Resale,32.0,32.0
632,Store-Customer,ColorMismatch,2,Standard,Resale,Resale,Refurbishing,Resale,31.930069953356657,31.930069953356657
633,Internet/Shipping,Undamaged,178,Standard,Resale,Resale,Recycling,Resale,54.75667116200308,54.75667116200308
634,Internet/Shipping,NotLiked,10,Standard,Resale,Resale,Repackaging,Resale,60.87313952619759,60.87313952619759
635,Internet/Shipping,Stained,10,Standard,Refurbishing,Refurbishing,Refurbishing,Refurbishing,28.651744181220877,28.651744181220877
636,Internet/Shipping,NotLiked,2,Standard,Resale,Resale,Donation,Resale,61.37412591604198,61.37412591604198
637,Internet/Shipping,NotLiked,2,Standard,Resale,Resale,Refurbishing,Resale,61.37412591604198,61.37412591604198
638,Internet/Shipping,NotLiked,1,Premium,Resale,Resale,Refurbishing,Resale,92.90554723425393,92.90554723425393
639,Store-Customer,Undamaged,89,Standard,Resale,Resale,Donation,Resale,59.937230642701046,59.937230642701046
640,Store-Customer,Undamaged,4,Standard,Resale,Resale,DiscountSale,Resale,65.33453129137543,65.33453129137543
641,Internet/Shipping,NotLiked,19,Standard,Resale,Resale,Donation,Resale,60.31429982129678,60.31429982129678
642,Store-Customer,Undamaged,20,Standard,Resale,Resale,DiscountSale,Resale,64.28321177489921,64.28321177489921
643,Internet/Shipping,NotLiked,13,Premium,Resale,Resale,DiscountSale,Resale,91.77945075941716,91.77945075941716
644,Internet/Shipping,NotLiked,106,Premium,Resale,Resale,Repackaging,Resale,83.4956292431748,83.4956292431748
645,Internet/Shipping,MissingPart,7,Premium,Repair,Resale,Donation,Repair,43.133783253994835,12.040134976198452
646,Store-Customer,Torn,72,Standard,Disposal,Donation,Refurbishing,Repair,0.0,10.02743254135688
647,Internet/Shipping,NotLiked,20,Premium,Resale,Resale,Repackaging,Resale,91.12877462748837,91.12877462748837
648,Internet/Shipping,NotLiked,28,Standard,Resale,Resale,Recycling,Resale,59.760467108478544,59.760467108478544
649,Internet/Shipping,NotLiked,8,Standard,Resale,Resale,DiscountSale,Resale,60.99801063473481,60.99801063473481
650,Internet/Shipping,NotLiked,39,Standard,Resale,Resale,DiscountSale,Resale,59.090294676221106,59.090294676221106
651,Internet/Shipping,ColorMismatch,32,Standard,Resale,Resale,Repackaging,Resale,30.897730372771917,30.897730372771917
652,Store-Customer,Undamaged,1,Standard,Resale,Resale,Donation,Resale,65.53353323891943,65.53353323891943
653,Internet/Shipping,NotLiked,88,Premium,Resale,Resale,Refurbishing,Resale,85.03940285035426,85.03940285035426
654,Internet/Shipping,ColorMismatch,17,Standard,Resale,Resale,Donation,Resale,31.410028962221837,31.410028962221837
655,Store-Customer,SeamDefect,3,Premium,Repair,Repair,Recycling,Repair,36.608462412534365,36.608462412534365
656,Internet/Shipping,NotLiked,100,Premium,Resale,Resale,Recycling,Resale,84.00713600439818,84.00713600439818
657,Store-Customer,Undamaged,3,Standard,Resale,Resale,Donation,Resale,65.40079895097429,65.40079895097429
658,Internet/Shipping,MissingPart,14,Standard,Donation,Repair,Recycling,Repair,14.256707024600082,25.513414049200165
659,Internet/Shipping,NotLiked,4,Premium,Resale,Resale,Resale,Resale,92.62275499300719,92.62275499300719
660,Internet/Shipping,SeamDefect,4,Standard,Donation,Repair,Refurbishing,Repair,12.338523035897468,20.87425166433573
661,Internet/Shipping,NotLiked,124,Standard,Resale,Resale,Refurbishing,Resale,54.15292997561331,54.15292997561331
662,Store-Customer,Undamaged,5,Standard,Resale,Resale,Donation,Resale,65.26832986631337,65.26832986631337
663,Internet/Shipping,NotLiked,7,Premium,Resale,Resale,Resale,Resale,92.3408098571907,92.3408098571907
664,Internet/Shipping,Torn,3,Premium,Repair,Repair,Repair,Repair,29.874188811141664,29.874188811141664
665,Internet/Shipping,ColorMismatch,2,Standard,Resale,Resale,Recycling,Resale,31.930069953356657,31.930069953356657
666,Internet/Shipping,Undamaged,105,Standard,Resale,Resale,Donation,Resale,58.971580751986664,58.971580751986664
667,Store-Customer,NotLiked,107,Standard,Resale,Resale,Recycling,Resale,55.10711739838924,55.10711739838924
668,Store-Employee,Undamaged,0,Standard,Resale,Resale,DiscountSale,Resale,65.6,65.6
669,Internet/Shipping,NotLiked,10,Standard,Resale,Resale,DiscountSale,Resale,60.87313952619759,60.87313952619759
670,Internet/Shipping,ColorMismatch,1,Premium,Resale,Resale,Resale,Resale,49.44752624125218,49.44752624125218
671,Internet/Shipping,Torn,10,Standard,Recycling,Resale,Donation,Repair,5.895523254366264,-2.5348255818779117
672,Internet/Shipping,ColorMismatch,5,Premium,Resale,Resale,Recycling,Resale,49.23815515761582,49.23815515761582
673,Store-Employee,Stained,3,Standard,Refurbishing,Refurbishing,Recycling,Refurbishing,28.89515734261805,28.89515734261805
674,Internet/Shipping,NotLiked,5,Premium,Resale,Resale,Resale,Resale,92.52867928370848,92.52867928370848
675,Internet/Shipping,ColorMismatch,12,Standard,Resale,Resale,Recycling,Resale,31.58250995016757,31.58250995016757
676,Internet/Shipping,ColorMismatch,10,Standard,Resale,Resale,Donation,Resale,31.651744181220877,31.651744181220877
677,Store-Customer,NotLiked,5,Premium,Resale,Resale,Recycling,Resale,92.52867928370848,92.52867928370848
678,Internet/Shipping,MissingPart,41,Premium,Repair,Resale,Repair,Repair,41.39102932225944,11.517308796677833
679,Internet/Shipping,NotLiked,17,Standard,Resale,Resale,Recycling,Resale,60.43805213199931,60.43805213199931
680,Internet/Shipping,NotLiked,4,Premium,Resale,Resale,DiscountSale,Resale,92.62275499300719,92.62275499300719
681,Internet/Shipping,Undamaged,222,Standard,Resale,Resale,Donation,Resale,52.360871728254835,52.360871728254835
682,Internet/Shipping,NotLiked,32,Standard,Resale,Resale,Resale,Resale,59.515914670989446,59.515914670989446
683,Internet/Shipping,Undamaged,7,Standard,Resale,Resale,DiscountSale,Resale,65.13612545506012,65.13612545506012
684,Internet/Shipping,NotLiked,13,Premium,Resale,Resale,DiscountSale,Resale,91.77945075941716,91.77945075941716
685,Internet/Shipping,NotLiked,1,Standard,Resale,Resale,Refurbishing,Resale,61.43703148950262,61.43703148950262
686,Internet/Shipping,Undamaged,16,Standard,Resale,Resale,DiscountSale,Resale,64.54446678367646,64.54446678367646
687,Internet/Shipping,NotLiked,3,Standard,Resale,Resale,Repackaging,Resale,61.311283216712496,61.311283216712496
688,Store-Employee,Torn,11,Premium,Repair,Resale,Recycling,Repair,29.54053170856549,-0.8074335364293139
689,Store-Customer,Stained,6,Standard,Refurbishing,Refurbishing,Recycling,Refurbishing,28.79062874188773,28.79062874188773
690,Internet/Shipping,NotLiked,10,Standard,Resale,Resale,Donation,Resale,60.87313952619759,60.87313952619759
691,Internet/Shipping,ColorMismatch,29,Premium,Resale,Resale,DiscountSale,Resale,47.999364384496744,47.999364384496744
692,Store-Customer,Undamaged,5,Premium,Resale,Resale,Donation,Resale,98.35249479947004,98.35249479947004
693,Internet/Shipping,Undamaged,81,Standard,Resale,Resale,DiscountSale,Resale,60.42588048106643,60.42588048106643
694,Internet/Shipping,SeamDefect,296,Standard,Disposal,Donation,Donation,Repair,0.0,8.454326391510765
695,Store-Customer,NotLiked,58,Standard,Resale,Resale,Resale,Resale,57.9499466885183,57.9499466885183
696,Internet/Shipping,NotLiked,7,Standard,Resale,Resale,Refurbishing,Resale,61.060539904793806,61.060539904793806
697,Internet/Shipping,NotLiked,203,Standard,Resale,Resale,Donation,Resale,49.925529209813426,49.925529209813426
698,Internet/Shipping,MissingPart,0,Standard,Repair,Resale,Recycling,Repair,26.0,6.9
699,Internet/Shipping,NotLiked,4,Standard,Resale,Resale,Resale,Resale,61.24850332867146,61.24850332867146
700,Internet/Shipping,NotLiked,99,Standard,Resale,Resale,Resale,Resale,55.56179060548355,55.56179060548355
701,Internet/Shipping,NotLiked,14,Standard,Resale,Resale,Recycling,Resale,60.6241452885603,60.6241452885603
702,Internet/Shipping,NotLiked,11,Standard,Resale,Resale,Recycling,Resale,60.81079756284822,60.81079756284822
703,Internet/Shipping,SeamDefect,2,Standard,Donation,Repair,Repair,Repair,12.36923077947693,20.93706295802099
704,Store-Customer,SeamDefect,129,Premium,Repair,Repair,Repair,Repair,31.031519872028795,31.031519872028795
705,Internet/Shipping,Undamaged,21,Premium,Resale,Resale,Resale,Resale,96.77709171580356,96.77709171580356
706,Internet/Shipping,ColorMismatch,4,Standard,Resale,Resale,Recycling,Resale,31.860279627039702,31.860279627039702
707,Store-Customer,Undamaged,279,Standard,Resale,Resale,Resale,Resale,49.40990356380065,49.40990356380065
708,Store-Customer,NotLiked,4,Premium,Resale,Resale,Recycling,Resale,92.62275499300719,92.62275499300719
709,Internet/Shipping,NotLiked,4,Premium,Resale,Resale,Repackaging,Resale,92.62275499300719,92.62275499300719
710,Internet/Shipping,NotLiked,8,Standard,Resale,Resale,Repackaging,Resale,60.99801063473481,60.99801063473481
711,Store-Employee,Stained,41,Standard,Refurbishing,Refurbishing,Donation,Refurbishing,27.59401954817296,27.59401954817296
712,Internet/Shipping,NotLiked,2,Premium,Resale,Resale,Recycling,Resale,92.81118887406298,92.81118887406298
713,Store-Customer,ColorMismatch,3,Premium,Resale,Resale,Donation,Resale,49.34273601392708,49.34273601392708
714,Store-Customer,NotLiked,5,Standard,Resale,Resale,Donation,Resale,61.18578618913899,61.18578618913899
715,Store-Customer,SeamDefect,345,Standard,Disposal,Resale,Donation,Repair,0.0,-0.4424575257254002
716,Internet/Shipping,NotLiked,5,Standard,Resale,Resale,Donation,Resale,61.18578618913899,61.18578618913899
717,Internet/Shipping,NotLiked,8,Standard,Resale,Resale,Recycling,Resale,60.99801063473481,60.99801063473481
718,Internet/Shipping,NotLiked,145,Standard,Resale,Resale,Repackaging,Resale,52.9964044659767,52.9964044659767
719,Internet/Shipping,NotLiked,0,Standard,Resale,Resale,Refurbishing,Resale,61.49999999999999,61.49999999999999
720,Store-Employee,Undamaged,14,Standard,Resale,Resale,Recycling,Resale,64.67548669348031,64.67548669348031
721,Internet/Shipping,ColorMismatch,14,Standard,Resale,Resale,Resale,Resale,31.513414049200165,31.513414049200165
722,Internet/Shipping,ColorMismatch,35,Standard,Resale,Resale,DiscountSale,Resale,30.79618956901482,30.79618956901482
723,Internet/Shipping,NotLiked,6,Standard,Resale,Resale,DiscountSale,Resale,61.12313173539791,61.12313173539791
724,Store-Employee,SeamDefect,1,Standard,Donation,Repair,Repair,Repair,12.384607697433974,20.96851574475131
725,Internet/Shipping,NotLiked,1,Standard,Resale,Resale,Donation,Resale,61.43703148950262,61.43703148950262
726,Internet/Shipping,Undamaged,19,Standard,Resale,Resale,Resale,Resale,64.34842758914658,64.34842758914658
727,Internet/Shipping,Undamaged,25,Standard,Resale,Resale,Donation,Resale,63.958109149884116,63.958109149884116
728,Internet/Shipping,Undamaged,5,Standard,Resale,Resale,Resale,Resale,65.26832986631337,65.26832986631337
729,Internet/Shipping,NotLiked,6,Standard,Resale,Resale,Repackaging,Resale,61.12313173539791,61.12313173539791
730,Internet/Shipping,Torn,184,Standard,Disposal,Donation,Recycling,Repair,0.0,8.647101253573403
731,Internet/Shipping,NotLiked,0,Standard,Resale,Resale,Donation,Resale,61.49999999999999,61.49999999999999
732,Internet/Shipping,NotLiked,1,Premium,Resale,Resale,Repackaging,Resale,92.90554723425393,92.90554723425393
733,Internet/Shipping,NotLiked,11,Standard,Resale,Resale,DiscountSale,Resale,60.81079756284822,60.81079756284822
734,Internet/Shipping,NotLiked,4,Standard,Resale,Resale,Donation,Resale,61.24850332867146,61.24850332867146
735,Internet/Shipping,NotLiked,4,Standard,Resale,Resale,Refurbishing,Resale,61.24850332867146,61.24850332867146
736,Internet/Shipping,NotLiked,7,Standard,Resale,Resale,Donation,Resale,61.060539904793806,61.060539904793806
737,Internet/Shipping,Undamaged,1,Premium,Resale,Resale,Donation,Resale,98.75029985837915,98.75029985837915
738,Internet/Shipping,NotLiked,14,Standard,Resale,Resale,Repackaging,Resale,60.6241452885603,60.6241452885603
739,Internet/Shipping,NotLiked,20,Standard,Resale,Resale,Donation,Resale,60.25251641832558,60.25251641832558
740,Internet/Shipping,NotLiked,13,Premium,Resale,Resale,DiscountSale,Resale,91.77945075941716,91.77945075941716
741,Internet/Shipping,NotLiked,0,Standard,Resale,Resale,Donation,Resale,61.49999999999999,61.49999999999999
742,Internet/Shipping,NotLiked,91,Premium,Resale,Resale,Donation,Resale,84.7801736799806,84.7801736799806
743,Store-Customer,ColorMismatch,3,Standard,Resale,Resale,Recycling,Resale,31.89515734261805,31.89515734261805
744,Internet/Shipping,NotLiked,23,Standard,Resale,Resale,Refurbishing,Resale,60.067536477716445,60.067536477716445
745,Internet/Shipping,NotLiked,7,Standard,Resale,Resale,Donation,Resale,61.060539904793806,61.060539904793806
746,Internet/Shipping,Undamaged,25,Standard,Resale,Resale,Repackaging,Resale,63.958109149884116,63.958109149884116
747,Internet/Shipping,Stained,6,Premium,Refurbishing,Refurbishing,Recycling,Refurbishing,46.1859431128316,46.1859431128316
748,Internet/Shipping,NotLiked,1,Premium,Resale,Resale,Refurbishing,Resale,92.90554723425393,92.90554723425393
749,Store-Customer,NotLiked,6,Premium,Resale,Resale,Refurbishing,Resale,92.43469760309688,92.43469760309688
750,Store-Customer,NotLiked,0,Standard,Resale,Resale,Resale,Resale,61.49999999999999,61.49999999999999
751,Internet/Shipping,ColorMismatch,5,Standard,Resale,Resale,DiscountSale,Resale,31.82543677174388,31.82543677174388
752,Internet/Shipping,Torn,21,Standard,Disposal,Donation,Repair,Repair,0.0,10.709065503972433
753,Internet/Shipping,MissingPart,90,Standard,Donation,Refurbishing,Repair,Repair,12.993795742246492,14.89131403914509
754,Internet/Shipping,ColorMismatch,0,Standard,Resale,Resale,DiscountSale,Resale,32.0,32.0
755,Internet/Shipping,SeamDefect,33,Standard,Disposal,Donation,Recycling,Repair,0.0,11.900093817671094
756,Internet/Shipping,SeamDefect,22,Standard,Disposal,Donation,Refurbishing,Repair,0.0,12.064899619788633
757,Internet/Shipping,Undamaged,59,Standard,Resale,Resale,Donation,Resale,61.79000014894713,61.79000014894713
758,Store-Customer,Torn,12,Standard,Recycling,Donation,Refurbishing,Repair,5.87475298505027,10.833003980067028
759,Internet/Shipping,NotLiked,9,Standard,Resale,Resale,Resale,Resale,60.93554386269166,60.93554386269166
760,Internet/Shipping,NotLiked,11,Standard,Resale,Resale,Donation,Resale,60.81079756284822,60.81079756284822
761,Internet/Shipping,NotLiked,12,Premium,Resale,Resale,Refurbishing,Resale,91.87277686545242,91.87277686545242
762,Internet/Shipping,NotLiked,162,Premium,Resale,Resale,Recycling,Resale,78.86669382905201,78.86669382905201
763,Internet/Shipping,NotLiked,6,Standard,Resale,Resale,DiscountSale,Resale,61.12313173539791,61.12313173539791
764,Internet/Shipping,NotLiked,1,Standard,Resale,Resale,DiscountSale,Resale,61.43703148950262,61.43703148950262
765,Store-Customer,NotLiked,0,Standard,Resale,Resale,Repackaging,Resale,61.49999999999999,61.49999999999999
766,Internet/Shipping,ColorMismatch,193,Standard,Resale,Resale,Donation,Resale,25.856869094868784,25.856869094868784
767,Internet/Shipping,ColorMismatch,2,Standard,Resale,Resale,Recycling,Resale,31.930069953356657,31.930069953356657
768,Internet/Shipping,Torn,14,Standard,Recycling,Resale,Refurbishing,Repair,5.854024214760049,-2.548658595079984
769,Internet/Shipping,NotLiked,65,Standard,Resale,Resale,Resale,Resale,57.53525019277642,57.53525019277642
770,Internet/Shipping,NotLiked,122,Standard,Resale,Resale,Repackaging,Resale,54.26434721566551,54.26434721566551
771,Internet/Shipping,Undamaged,1,Premium,Resale,Resale,Donation,Resale,98.75029985837915,98.75029985837915
772,Internet/Shipping,Torn,24,Standard,Disposal,Donation,Donation,Repair,0.0,10.66799993661073
773,Internet/Shipping,MissingPart,43,Standard,Donation,Repair,Repair,Repair,13.763449326173035,24.52689865234607
774,Store-Customer,Stained,0,Standard,Refurbishing,Refurbishing,Donation,Refurbishing,29.0,29.0
775,Internet/Shipping,SeamDefect,17,Standard,Disposal,Refurbishing,Donation,Repair,0.0,12.246017377333102
776,Store-Customer,NotLiked,4,Standard,Resale,Resale,DiscountSale,Resale,61.24850332867146,61.24850332867146
777,Internet/Shipping,SeamDefect,12,Standard,Donation,Repair,Refurbishing,Repair,12.216304378073728,20.624258955150808
778,Internet/Shipping,NotLiked,8,Standard,Resale,Resale,Resale,Resale,60.99801063473481,60.99801063473481
779,Store-Customer,Torn,7,Standard,Recycling,Donation,Refurbishing,Repair,5.926756650798968,10.902342201065292
780,Store-Customer,Undamaged,7,Premium,Resale,Resale,DiscountSale,Resale,98.15418818259019,98.15418818259019
781,Internet/Shipping,NotLiked,5,Standard,Resale,Resale,DiscountSale,Resale,61.18578618913899,61.18578618913899
782,Store-Customer,Undamaged,7,Standard,Resale,Resale,Donation,Resale,65.13612545506012,65.13612545506012
783,Internet/Shipping,NotLiked,10,Premium,Resale,Resale,Resale,Resale,92.05970928929638,92.05970928929638
784,Internet/Shipping,ColorMismatch,6,Standard,Resale,Resale,Resale,Resale,31.79062874188773,31.79062874188773
785,Store-Employee,MissingPart,6,Standard,Repair,Repair,Refurbishing,Repair,25.79062874188773,25.79062874188773
786,Internet/Shipping,Stained,11,Standard,Refurbishing,Refurbishing,Recycling,Refurbishing,28.617109757137904,28.617109757137904
787,Store-Customer,NotLiked,9,Premium,Resale,Resale,Resale,Resale,92.1533157940375,92.1533157940375
788,Internet/Shipping,NotLiked,11,Standard,Resale,Resale,Donation,Resale,60.81079756284822,60.81079756284822
789,Store-Customer,Stained,390,Premium,Refurbishing,Refurbishing,Recycling,Refurbishing,29.54548591115364,29.54548591115364
790,Internet/Shipping,ColorMismatch,4,Standard,Resale,Resale,Resale,Resale,31.860279627039702,31.860279627039702
791,Internet/Shipping,NotLiked,35,Standard,Resale,Resale,Resale,Resale,59.33314122422669,59.33314122422669
792,Internet/Shipping,NotLiked,0,Premium,Resale,Resale,Repackaging,Resale,93.0,93.0
793,Internet/Shipping,NotLiked,16,Premium,Resale,Resale,Donation,Resale,91.50003174522443,91.50003174522443
794,Internet/Shipping,NotLiked,100,Premium,Resale,Resale,Donation,Resale,84.00713600439818,84.00713600439818
795,Internet/Shipping,Stained,63,Standard,Refurbishing,Refurbishing,Recycling,Refurbishing,26.86302157911966,26.86302157911966
796,Internet/Shipping,NotLiked,11,Standard,Resale,Resale,Refurbishing,Resale,60.81079756284822,60.81079756284822
797,Internet/Shipping,Torn,10,Premium,Repair,Resale,Donation,Repair,29.582093017465056,-0.802238372816868
798,Internet/Shipping,ColorMismatch,4,Premium,Resale,Resale,Repackaging,Resale,49.290419440559546,49.290419440559546
799,Internet/Shipping,NotLiked,8,Standard,Resale,Resale,Refurbishing,Resale,60.99801063473481,60.99801063473481
800,Internet/Shipping,NotLiked,26,Standard,Resale,Resale,Repackaging,Resale,59.8831106453512,59.8831106453512
801,Internet/Shipping,Undamaged,55,Standard,Resale,Resale,Resale,Resale,62.04126233890668,62.04126233890668
802,Internet/Shipping,NotLiked,5,Standard,Resale,Resale,Refurbishing,Resale,61.18578618913899,61.18578618913899
803,Store-Customer,MissingPart,0,Standard,Repair,Resale,Recycling,Repair,26.0,6.9
804,Internet/Shipping,Stained,13,Standard,Refurbishing,Refurbishing,Donation,Refurbishing,28.547944725710067,28.547944725710067
805,Internet/Shipping,NotLiked,2,Standard,Resale,Resale,Donation,Resale,61.37412591604198,61.37412591604198
806,Internet/Shipping,ColorMismatch,1,Standard,Resale,Resale,Donation,Resale,31.965017494168123,31.965017494168123
807,Internet/Shipping,Undamaged,1,Premium,Resale,Resale,Recycling,Resale,98.75029985837915,98.75029985837915
808,Internet/Shipping,NotLiked,21,Premium,Resale,Resale,Resale,Resale,91.03619215181394,91.03619215181394
809,Internet/Shipping,NotLiked,3,Standard,Resale,Resale,Repackaging,Resale,61.311283216712496,61.311283216712496
810,Store-Employee,Undamaged,1,Premium,Resale,Resale,DiscountSale,Resale,98.75029985837915,98.75029985837915
811,Internet/Shipping,MissingPart,0,Standard,Repair,Resale,Repair,Repair,26.0,6.9
812,Internet/Shipping,NotLiked,64,Standard,Resale,Resale,DiscountSale,Resale,57.59431497043595,57.59431497043595
813,Store-Employee,Stained,14,Standard,Refurbishing,Refurbishing,Donation,Refurbishing,28.513414049200165,28.513414049200165
814,Internet/Shipping,NotLiked,0,Standard,Resale,Resale,Refurbishing,Resale,61.49999999999999,61.49999999999999
815,Internet/Shipping,NotLiked,0,Standard,Resale,Resale,Donation,Resale,61.49999999999999,61.49999999999999
816,Store-Customer,NotLiked,8,Standard,Resale,Resale,DiscountSale,Resale,60.99801063473481,60.99801063473481
817,Store-Customer,NotLiked,5,Standard,Resale,Resale,Resale,Resale,61.18578618913899,61.18578618913899
818,Internet/Shipping,NotLiked,12,Standard,Resale,Resale,Resale,Resale,60.748517910301615,60.748517910301615
819,Internet/Shipping,Undamaged,6,Standard,Resale,Resale,Donation,Resale,65.20219460958668,65.20219460958668
820,Internet/Shipping,Undamaged,63,Standard,Resale,Resale,DiscountSale,Resale,61.53974100032735,61.53974100032735
821,Internet/Shipping,NotLiked,7,Standard,Resale,Resale,Resale,Resale,61.060539904793806,61.060539904793806
822,Internet/Shipping,Torn,13,Premium,Repair,Repair,Recycling,Repair,29.457533670852072,29.457533670852072
823,Internet/Shipping,NotLiked,0,Standard,Resale,Resale,Resale,Resale,61.49999999999999,61.49999999999999
824,Internet/Shipping,NotLiked,130,Standard,Resale,Resale,Recycling,Resale,53.820012147995364,53.820012147995364
825,Store-Customer,MissingPart,99,Premium,Repair,Resale,Recycling,Repair,38.5514921712363,10.665447651370888
826,Internet/Shipping,ColorMismatch,19,Standard,Resale,Resale,Resale,Resale,31.34127767849821,31.34127767849821
827,Internet/Shipping,MissingPart,1,Standard,Repair,Resale,Recycling,Repair,25.965017494168123,6.889505248250437
828,Internet/Shipping,NotLiked,1,Premium,Resale,Resale,DiscountSale,Resale,92.90554723425393,92.90554723425393
829,Store-Customer,Undamaged,435,Standard,Resale,Resale,DiscountSale,Resale,42.1431003606893,42.1431003606893
830,Internet/Shipping,NotLiked,15,Premium,Resale,Resale,Resale,Resale,91.59307829248941,91.59307829248941
831,Internet/Shipping,NotLiked,5,Standard,Resale,Resale,Refurbishing,Resale,61.18578618913899,61.18578618913899
832,Internet/Shipping,Undamaged,6,Premium,Resale,Resale,Repackaging,Resale,98.25329191438003,98.25329191438003
833,Internet/Shipping,NotLiked,3,Standard,Resale,Resale,Repackaging,Resale,61.311283216712496,61.311283216712496
834,Internet/Shipping,NotLiked,230,Premium,Resale,Resale,Resale,Resale,73.58342543656507,73.58342543656507
835,Internet/Shipping,Undamaged,14,Standard,Resale,Resale,DiscountSale,Resale,64.67548669348031,64.67548669348031
836,Internet/Shipping,NotLiked,8,Premium,Resale,Resale,Donation,Resale,92.24701595210222,92.24701595210222
837,Store-Customer,NotLiked,8,Standard,Resale,Resale,Donation,Resale,60.99801063473481,60.99801063473481
838,Store-Employee,MissingPart,1,Standard,Repair,Resale,Repair,Repair,25.965017494168123,6.889505248250437
839,Internet/Shipping,NotLiked,6,Standard,Resale,Resale,Resale,Resale,61.12313173539791,61.12313173539791
840,Internet/Shipping,NotLiked,0,Standard,Resale,Resale,DiscountSale,Resale,61.49999999999999,61.49999999999999
841,Internet/Shipping,NotLiked,23,Standard,Resale,Resale,Refurbishing,Resale,60.067536477716445,60.067536477716445
842,Store-Customer,NotLiked,4,Standard,Resale,Resale,Recycling,Resale,61.24850332867146,61.24850332867146
843,Internet/Shipping,NotLiked,4,Standard,Resale,Resale,DiscountSale,Resale,61.24850332867146,61.24850332867146
844,Internet/Shipping,Torn,6,Premium,Repair,Repair,Repair,Repair,29.748754490265277,29.748754490265277
845,Internet/Shipping,ColorMismatch,3,Standard,Resale,Resale,Resale,Resale,31.89515734261805,31.89515734261805
846,Store-Customer,SeamDefect,8,Standard,Donation,Resale,Repair,Repair,12.277291488490734,1.5442234038594238
847,Internet/Shipping,ColorMismatch,3,Standard,Resale,Resale,Resale,Resale,31.89515734261805,31.89515734261805
848,Internet/Shipping,MissingPart,0,Standard,Repair,Repair,Repair,Repair,26.0,26.0
849,Internet/Shipping,NotLiked,24,Standard,Resale,Resale,Donation,Resale,60.00599971474828,60.00599971474828
850,Store-Employee,ColorMismatch,6,Standard,Resale,Resale,Recycling,Resale,31.79062874188773,31.79062874188773
851,Internet/Shipping,NotLiked,6,Standard,Resale,Resale,DiscountSale,Resale,61.12313173539791,61.12313173539791
852,Internet/Shipping,Stained,1,Standard,Refurbishing,Refurbishing,Donation,Refurbishing,28.965017494168123,28.965017494168123
853,Store-Customer,SeamDefect,112,Premium,Repair,Repair,Donation,Repair,31.743591166891882,31.743591166891882
854,Store-Customer,Torn,6,Standard,Recycling,Donation,Repair,Repair,5.937188622566319,10.916251496755091
855,Internet/Shipping,NotLiked,17,Premium,Resale,Resale,Refurbishing,Resale,91.40707819799897,91.40707819799897
856,Internet/Shipping,Undamaged,61,Standard,Resale,Resale,DiscountSale,Resale,61.66474544510464,61.66474544510464
857,Internet/Shipping,Undamaged,10,Standard,Resale,Resale,Repackaging,Resale,64.93831394431967,64.93831394431967
858,Store-Customer,MissingPart,6,Standard,Repair,Repair,Repair,Repair,25.79062874188773,25.79062874188773
859,Internet/Shipping,NotLiked,21,Premium,Resale,Resale,Donation,Resale,91.03619215181394,91.03619215181394
860,Internet/Shipping,NotLiked,6,Standard,Resale,Resale,Donation,Resale,61.12313173539791,61.12313173539791
861,Internet/Shipping,NotLiked,4,Standard,Resale,Resale,DiscountSale,Resale,61.24850332867146,61.24850332867146
862,Internet/Shipping,NotLiked,11,Standard,Resale,Resale,DiscountSale,Resale,60.81079756284822,60.81079756284822
863,Store-Customer,Undamaged,4,Standard,Resale,Resale,Resale,Resale,65.33453129137543,65.33453129137543
864,Internet/Shipping,NotLiked,6,Standard,Resale,Resale,Donation,Resale,61.12313173539791,61.12313173539791
865,Internet/Shipping,NotLiked,4,Standard,Resale,Resale,DiscountSale,Resale,61.24850332867146,61.24850332867146
866,Store-Customer,ColorMismatch,4,Premium,Resale,Resale,Donation,Resale,49.290419440559546,49.290419440559546
867,Store-Customer,Undamaged,3,Standard,Resale,Resale,DiscountSale,Resale,65.40079895097429,65.40079895097429
868,Store-Customer,Undamaged,10,Premium,Resale,Resale,DiscountSale,Resale,97.85747091647951,97.85747091647951
869,Internet/Shipping,Undamaged,78,Standard,Resale,Resale,Recycling,Resale,60.610134365145356,60.610134365145356
870,Internet/Shipping,SeamDefect,0,Premium,Repair,Repair,Repair,Repair,36.75,36.75
871,Internet/Shipping,Undamaged,11,Standard,Resale,Resale,Recycling,Resale,64.872508538562,64.872508538562
872,Internet/Shipping,NotLiked,6,Standard,Resale,Resale,Refurbishing,Resale,61.12313173539791,61.12313173539791
873,Store-Employee,ColorMismatch,0,Standard,Resale,Resale,Resale,Resale,32.0,32.0
874,Internet/Shipping,NotLiked,6,Premium,Resale,Resale,Resale,Resale,92.43469760309688,92.43469760309688
875,Internet/Shipping,NotLiked,4,Premium,Resale,Resale,Donation,Resale,92.62275499300719,92.62275499300719
876,Store-Customer,NotLiked,7,Standard,Resale,Resale,Recycling,Resale,61.060539904793806,61.060539904793806
877,Internet/Shipping,NotLiked,2,Standard,Resale,Resale,Recycling,Resale,61.37412591604198,61.37412591604198
878,Internet/Shipping,Stained,7,Premium,Refurbishing,Refurbishing,Donation,Refurbishing,46.133783253994835,46.133783253994835
879,Internet/Shipping,NotLiked,10,Standard,Resale,Resale,Recycling,Resale,60.87313952619759,60.87313952619759
880,Internet/Shipping,NotLiked,0,Standard,Resale,Resale,Recycling,Resale,61.49999999999999,61.49999999999999
881,Internet/Shipping,Torn,4,Standard,Recycling,Donation,Repair,Repair,5.95808388811191,10.94411185081588
882,Internet/Shipping,NotLiked,0,Standard,Resale,Resale,DiscountSale,Resale,61.49999999999999,61.49999999999999
883,Store-Customer,NotLiked,9,Premium,Resale,Resale,Repackaging,Resale,92.1533157940375,92.1533157940375
884,Internet/Shipping,NotLiked,4,Premium,Resale,Resale,Resale,Resale,92.62275499300719,92.62275499300719
885,Internet/Shipping,NotLiked,10,Standard,Resale,Resale,Donation,Resale,60.87313952619759,60.87313952619759
886,Internet/Shipping,ColorMismatch,5,Premium,Resale,Resale,Donation,Resale,49.23815515761582,49.23815515761582
887,Internet/Shipping,Undamaged,0,Standard,Resale,Resale,Resale,Resale,65.6,65.6
888,Internet/Shipping,NotLiked,186,Standard,Resale,Resale,Refurbishing,Resale,50.80723648386176,50.80723648386176
889,Internet/Shipping,Stained,7,Standard,Refurbishing,Refurbishing,Refurbishing,Refurbishing,28.755855502663223,28.755855502663223
890,Internet/Shipping,Torn,4,Standard,Recycling,Donation,Refurbishing,Repair,5.95808388811191,10.94411185081588
891,Internet/Shipping,Torn,4,Standard,Recycling,Donation,Repair,Repair,5.95808388811191,10.94411185081588
892,Store-Employee,Stained,148,Standard,Refurbishing,Refurbishing,Donation,Refurbishing,24.185089022971592,24.185089022971592
893,Internet/Shipping,NotLiked,12,Standard,Resale,Resale,Recycling,Resale,60.748517910301615,60.748517910301615
894,Internet/Shipping,NotLiked,9,Standard,Resale,Resale,DiscountSale,Resale,60.93554386269166,60.93554386269166
895,Store-Customer,Undamaged,147,Standard,Resale,Resale,Donation,Resale,56.509049498185234,56.509049498185234
896,Store-Customer,SeamDefect,0,Standard,Donation,Repair,Recycling,Repair,12.399999999999999,20.999999999999996
897,Internet/Shipping,Torn,49,Premium,Donation,Resale,Recycling,Repair,16.9958037236686,-1.0010490690828497
898,Internet/Shipping,NotLiked,5,Standard,Resale,Resale,Resale,Resale,61.18578618913899,61.18578618913899
899,Internet/Shipping,ColorMismatch,12,Standard,Resale,Resale,Resale,Resale,31.58250995016757,31.58250995016757
900,Internet/Shipping,Undamaged,4,Standard,Resale,Resale,Donation,Resale,65.33453129137543,65.33453129137543
901,Internet/Shipping,NotLiked,3,Premium,Resale,Resale,Resale,Resale,92.71692482506873,92.71692482506873
902,Internet/Shipping,Undamaged,29,Standard,Resale,Resale,Resale,Resale,63.699194887029215,63.699194887029215
903,Internet/Shipping,Stained,5,Standard,Refurbishing,Resale,Refurbishing,Refurbishing,28.82543677174388,1.0720698834790205
904,Internet/Shipping,Undamaged,196,Standard,Resale,Resale,DiscountSale,Resale,53.763813606099404,53.763813606099404
905,Store-Employee,Torn,4,Standard,Recycling,Resale,Refurbishing,Repair,5.95808388811191,-2.51397203729603
906,Internet/Shipping,NotLiked,12,Premium,Resale,Resale,Donation,Resale,91.87277686545242,91.87277686545242
907,Internet/Shipping,SeamDefect,40,Standard,Disposal,Donation,Refurbishing,Repair,0.0,11.796157362945776
908,Internet/Shipping,NotLiked,0,Standard,Resale,Resale,Refurbishing,Resale,61.49999999999999,61.49999999999999
909,Internet/Shipping,Undamaged,175,Standard,Resale,Resale,Repackaging,Resale,54.92389188115229,54.92389188115229
910,Internet/Shipping,Torn,9,Standard,Recycling,Donation,Repair,Repair,5.905923977115277,10.874565302820368
911,Store-Customer,NotLiked,20,Standard,Resale,Resale,Donation,Resale,60.25251641832558,60.25251641832558
912,Store-Customer,Undamaged,6,Standard,Resale,Resale,Resale,Resale,65.20219460958668,65.20219460958668
913,Store-Customer,Torn,13,Premium,Repair,Repair,Refurbishing,Repair,29.457533670852072,29.457533670852072
914,Store-Employee,ColorMismatch,10,Standard,Resale,Resale,DiscountSale,Resale,31.651744181220877,31.651744181220877
915,Store-Employee,SeamDefect,3,Premium,Repair,Resale,Recycling,Repair,36.608462412534365,5.068547202785417
916,Store-Employee,Stained,3,Standard,Refurbishing,Refurbishing,Recycling,Refurbishing,28.89515734261805,28.89515734261805
917,Internet/Shipping,Undamaged,6,Standard,Resale,Resale,Recycling,Resale,65.20219460958668,65.20219460958668
918,Internet/Shipping,NotLiked,75,Standard,Resale,Resale,Donation,Resale,56.947839638698824,56.947839638698824
919,Internet/Shipping,NotLiked,0,Standard,Resale,Resale,Refurbishing,Resale,61.49999999999999,61.49999999999999
920,Internet/Shipping,NotLiked,21,Standard,Resale,Resale,Recycling,Resale,60.19079476787595,60.19079476787595
921,Internet/Shipping,NotLiked,29,Premium,Resale,Resale,DiscountSale,Resale,90.29885589209415,90.29885589209415
922,Store-Customer,Torn,0,Premium,Repair,Repair,Recycling,Repair,30.0,30.0
923,Internet/Shipping,NotLiked,4,Premium,Resale,Resale,Repackaging,Resale,92.62275499300719,92.62275499300719
924,Internet/Shipping,ColorMismatch,12,Standard,Resale,Resale,Resale,Resale,31.58250995016757,31.58250995016757
925,Internet/Shipping,NotLiked,0,Standard,Resale,Resale,Refurbishing,Resale,61.49999999999999,61.49999999999999
926,Internet/Shipping,Undamaged,12,Standard,Resale,Resale,DiscountSale,Resale,64.80676890531838,64.80676890531838
927,Internet/Shipping,Stained,14,Standard,Refurbishing,Refurbishing,Recycling,Refurbishing,28.513414049200165,28.513414049200165
928,Store-Customer,SeamDefect,13,Standard,Disposal,Repair,Refurbishing,Repair,0.0,20.593150253139058
929,Internet/Shipping,NotLiked,1,Standard,Resale,Resale,Repackaging,Resale,61.43703148950262,61.43703148950262
930,Internet/Shipping,Undamaged,11,Premium,Resale,Resale,Recycling,Resale,97.75876280784301,97.75876280784301
931,Internet/Shipping,ColorMismatch,13,Standard,Resale,Resale,Recycling,Resale,31.547944725710067,31.547944725710067
932,Internet/Shipping,NotLiked,4,Standard,Resale,Resale,Donation,Resale,61.24850332867146,61.24850332867146
933,Internet/Shipping,NotLiked,11,Standard,Resale,Resale,Refurbishing,Resale,60.81079756284822,60.81079756284822
934,Store-Customer,Stained,128,Standard,Refurbishing,Refurbishing,Recycling,Refurbishing,24.79486827006253,24.79486827006253
935,Store-Customer,SeamDefect,13,Standard,Disposal,Repair,Refurbishing,Repair,0.0,20.593150253139058
936,Internet/Shipping,Undamaged,4,Standard,Resale,Resale,DiscountSale,Resale,65.33453129137543,65.33453129137543
937,Store-Customer,NotLiked,2,Standard,Resale,Resale,Resale,Resale,61.37412591604198,61.37412591604198
938,Internet/Shipping,MissingPart,0,Standard,Repair,Repair,Repair,Repair,26.0,26.0
939,Store-Customer,Undamaged,4,Standard,Resale,Resale,Recycling,Resale,65.33453129137543,65.33453129137543
940,Internet/Shipping,Undamaged,0,Standard,Resale,Resale,Recycling,Resale,65.6,65.6
941,Internet/Shipping,Stained,135,Standard,Refurbishing,Refurbishing,Donation,Refurbishing,24.580056909081204,24.580056909081204
942,Store-Customer,Torn,7,Standard,Recycling,Resale,Refurbishing,Repair,5.926756650798968,-2.524414449733677
943,Internet/Shipping,MissingPart,411,Standard,Disposal,Resale,Donation,Repair,0.0,3.361362781807638
944,Internet/Shipping,NotLiked,2,Premium,Resale,Resale,Repackaging,Resale,92.81118887406298,92.81118887406298
945,Internet/Shipping,ColorMismatch,7,Standard,Resale,Resale,Resale,Resale,31.755855502663223,31.755855502663223
946,Internet/Shipping,NotLiked,4,Standard,Resale,Resale,Resale,Resale,61.24850332867146,61.24850332867146
947,Internet/Shipping,MissingPart,7,Standard,Repair,Resale,Donation,Repair,25.755855502663223,6.826756650798968
948,Store-Customer,NotLiked,28,Standard,Resale,Resale,Resale,Resale,59.760467108478544,59.760467108478544
949,Store-Customer,NotLiked,110,Standard,Resale,Resale,DiscountSale,Resale,54.937550523681274,54.937550523681274
950,Internet/Shipping,NotLiked,45,Premium,Resale,Resale,Refurbishing,Resale,88.84176203322794,88.84176203322794
951,Internet/Shipping,NotLiked,6,Standard,Resale,Resale,Resale,Resale,61.12313173539791,61.12313173539791
952,Internet/Shipping,SeamDefect,22,Standard,Disposal,Refurbishing,Refurbishing,Repair,0.0,12.14304493607541
953,Internet/Shipping,NotLiked,4,Standard,Resale,Resale,Recycling,Resale,61.24850332867146,61.24850332867146
954,Internet/Shipping,Undamaged,154,Standard,Resale,Resale,Recycling,Resale,56.10858939726192,56.10858939726192
955,Store-Customer,NotLiked,11,Standard,Resale,Resale,Donation,Resale,60.81079756284822,60.81079756284822
956,Store-Customer,Undamaged,4,Standard,Resale,Resale,Donation,Resale,65.33453129137543,65.33453129137543
957,Store-Customer,Undamaged,5,Premium,Resale,Resale,Recycling,Resale,98.35249479947004,98.35249479947004
958,Internet/Shipping,NotLiked,0,Standard,Resale,Resale,Recycling,Resale,61.49999999999999,61.49999999999999
959,Internet/Shipping,MissingPart,7,Standard,Repair,Repair,Donation,Repair,25.755855502663223,25.755855502663223
960,Internet/Shipping,SeamDefect,39,Standard,Disposal,Resale,Refurbishing,Repair,0.0,1.3322549640245667
961,Internet/Shipping,NotLiked,26,Premium,Resale,Resale,Resale,Resale,90.5746659680268,90.5746659680268
962,Internet/Shipping,Undamaged,90,Standard,Resale,Resale,Recycling,Resale,59.87642382053667,59.87642382053667
963,Internet/Shipping,NotLiked,3,Standard,Resale,Resale,DiscountSale,Resale,61.311283216712496,61.311283216712496
964,Internet/Shipping,ColorMismatch,14,Premium,Resale,Resale,Refurbishing,Resale,48.77012107380024,48.77012107380024
965,Store-Employee,Undamaged,4,Standard,Resale,Resale,DiscountSale,Resale,65.33453129137543,65.33453129137543
966,Internet/Shipping,ColorMismatch,12,Standard,Resale,Resale,Recycling,Resale,31.58250995016757,31.58250995016757
967,Store-Employee,Torn,1,Standard,Recycling,Donation,Recycling,Repair,5.9895052482504365,10.98600699766725
968,Internet/Shipping,Torn,7,Standard,Recycling,Donation,Refurbishing,Repair,5.926756650798968,10.902342201065292
969,Internet/Shipping,NotLiked,9,Standard,Resale,Resale,DiscountSale,Resale,60.93554386269166,60.93554386269166
970,Internet/Shipping,NotLiked,3,Premium,Resale,Resale,Resale,Resale,92.71692482506873,92.71692482506873
971,Internet/Shipping,Undamaged,6,Premium,Resale,Resale,Repackaging,Resale,98.25329191438003,98.25329191438003
972,Internet/Shipping,ColorMismatch,14,Standard,Resale,Resale,Repackaging,Resale,31.513414049200165,31.513414049200165
973,Internet/Shipping,NotLiked,4,Standard,Resale,Resale,Repackaging,Resale,61.24850332867146,61.24850332867146
974,Store-Customer,NotLiked,33,Standard,Resale,Resale,Repackaging,Resale,59.45492925410901,59.45492925410901
975,Internet/Shipping,NotLiked,14,Standard,Resale,Resale,Resale,Resale,60.6241452885603,60.6241452885603
976,Internet/Shipping,NotLiked,84,Standard,Resale,Resale,Refurbishing,Resale,56.42416913399285,56.42416913399285
977,Internet/Shipping,Torn,8,Premium,Repair,Repair,Repair,Repair,29.665340423156543,29.665340423156543
978,Internet/Shipping,NotLiked,15,Standard,Resale,Resale,Recycling,Resale,60.56205219499294,60.56205219499294
979,Internet/Shipping,NotLiked,16,Standard,Resale,Resale,Repackaging,Resale,60.50002116348296,60.50002116348296
980,Internet/Shipping,Stained,134,Standard,Refurbishing,Refurbishing,Recycling,Refurbishing,24.610652261116687,24.610652261116687
981,Store-Employee,Stained,10,Standard,Refurbishing,Refurbishing,Recycling,Refurbishing,28.651744181220877,28.651744181220877
982,Store-Customer,Stained,6,Standard,Refurbishing,Refurbishing,Donation,Refurbishing,28.79062874188773,28.79062874188773
983,Internet/Shipping,NotLiked,0,Standard,Resale,Resale,Recycling,Resale,61.49999999999999,61.49999999999999
984,Internet/Shipping,Undamaged,12,Standard,Resale,Resale,Donation,Resale,64.80676890531838,64.80676890531838
985,Internet/Shipping,NotLiked,0,Standard,Resale,Resale,Recycling,Resale,61.49999999999999,61.49999999999999
986,Store-Customer,MissingPart,2,Standard,Repair,Resale,Recycling,Repair,25.930069953356657,6.8790209860069975
987,Internet/Shipping,Torn,0,Standard,Recycling,Resale,Recycling,Repair,6.0,-2.5
988,Internet/Shipping,Undamaged,12,Standard,Resale,Resale,Repackaging,Resale,64.80676890531838,64.80676890531838
989,Internet/Shipping,SeamDefect,5,Standard,Donation,Repair,Repair,Repair,12.323192179567307,20.842893094569494
990,Store-Customer,NotLiked,13,Standard,Resale,Resale,Donation,Resale,60.686300506278116,60.686300506278116
991,Internet/Shipping,NotLiked,23,Standard,Resale,Resale,Repackaging,Resale,60.067536477716445,60.067536477716445
992,Store-Customer,MissingPart,60,Premium,Repair,Resale,Recycling,Repair,40.44263801317305,11.232791403951916
993,Store-Customer,NotLiked,3,Standard,Resale,Resale,Refurbishing,Resale,61.311283216712496,61.311283216712496
994,Internet/Shipping,NotLiked,14,Standard,Resale,Resale,Repackaging,Resale,60.6241452885603,60.6241452885603
995,Store-Customer,MissingPart,13,Premium,Repair,Resale,Recycling,Repair,42.8219170885651,11.94657512656953
996,Internet/Shipping,Undamaged,4,Standard,Resale,Resale,Donation,Resale,65.33453129137543,65.33453129137543
997,Internet/Shipping,NotLiked,11,Premium,Resale,Resale,Recycling,Resale,91.96619634427232,91.96619634427232
998,Internet/Shipping,NotLiked,7,Premium,Resale,Resale,Repackaging,Resale,92.3408098571907,92.3408098571907
999,Store-Employee,SeamDefect,51,Standard,Disposal,Resale,Donation,Repair,0.0,1.2519506937269895
1000,Internet/Shipping,NotLiked,0,Standard,Resale,Resale,Recycling,Resale,61.49999999999999,61.49999999999999
